PersonID,FirstName,LastName,ZIP,Phone,CallID,Time
127,Alexia,Rasmuss(ID 127)en,11422,718-534-2403,4252,1/1/2008 12:32
98,Brenden,Rasmuss(ID 98)en,10015,646-812-7298,4253,1/2/2008 13:17
94,Beau,Ware(ID 94),10013,646-391-9926,4254,1/2/2008 14:54
127,Alexia,Ra(ID 127)smussen,11422,718-534-2403,4255,1/3/2008 15:32
156,Jacoby,Co(ID 156)ok,10045,917-808-6186,4256,1/3/2008 15:52
139,Quinten,Hubba(ID 139)rd,10016,917-687-2256,4257,1/4/2008 13:19
75,Remington,Farr(ID 75)ell,11693,917-843-4608,4258,1/5/2008 9:09
91,Pedro,Pay(ID 91)ne,10005,212-498-6862,4259,1/5/2008 9:10
152,Elianna,Me(ID 152)dina,10308,646-819-2778,4260,1/5/2008 9:41
8,Darren,Burn(ID 8)s,10120,212-220-3311,4261,1/5/2008 16:11
164,Rebekah,Be(ID 164)ard,10155,212-700-7304,4262,1/7/2008 11:23
7,Jaqueline,Ewing(ID 7),10106,347-409-5439,4263,1/7/2008 11:50
105,Porter,Park(ID 105)s,11385,718-483-5325,4264,1/7/2008 13:31
163,Donavan,Ingra(ID 163)m,11224,718-543-2608,4265,1/8/2008 14:28
174,Charles,McCoy(ID 174),11220,347-312-4725,4266,1/8/2008 15:48
66,Yaritza,An(ID 66)drews,11234,718-746-4988,4267,1/9/2008 13:57
61,Rylie,Ayala(ID 61),10167,917-745-5684,4268,1/9/2008 15:10
45,Omari,Rus(ID 45)h,11691,646-516-3070,4269,1/9/2008 16:29
175,Bridger,Stephenson(ID 175),11374,718-792-7253,4270,1/10/2008 9:41
2,Reynaldo,Ha(ID 2)rris,11223,646-382-3431,4271,1/11/2008 8:06
63,Quentin,Ra(ID 63)ndolph,11207,347-625-6847,4272,1/11/2008 12:10
136,Deborah,La(ID 136)mb,10302,718-408-4184,4273,1/11/2008 12:46
42,Stanley,Townse(ID 42)nd,10314,212-775-3412,4274,1/12/2008 16:05
135,Lena,Rive(ID 135)ra,11361,212-340-5502,4275,1/14/2008 8:01
177,Aaliyah,Stephens(ID 177)on,10169,646-354-5674,4276,1/14/2008 9:09
186,Quintin,McConne(ID 186)ll,11413,917-363-2471,4277,1/14/2008 11:41
63,Quentin,Rand(ID 63)olph,11207,347-625-6847,4278,1/14/2008 15:10
10,Aliya,Hoffman(ID 10),11366,917-613-6421,4279,1/15/2008 8:44
90,Janiah,Ki(ID 90)dd,11220,347-346-9229,4280,1/15/2008 13:10
131,Desmond,Knowl(ID 131)es,10122,917-785-7273,4281,1/15/2008 14:04
142,Harrison,Du(ID 142)ke,10112,718-245-5292,4282,1/15/2008 16:33
94,Beau,War(ID 94)e,10013,646-391-9926,4283,1/16/2008 9:51
158,Alessandro,Case(ID 158)y,11209,917-647-6620,4284,1/16/2008 13:54
83,Kamryn,Hoppe(ID 83)r,11418,917-350-9472,4285,1/16/2008 14:48
189,Jasmin,Gu(ID 189)zman,10028,718-377-3801,4286,1/17/2008 9:26
84,Makhi,Roble(ID 84)s,10451,917-612-4762,4287,1/17/2008 10:30
43,Rodney,Staffo(ID 43)rd,10158,646-519-3002,4288,1/17/2008 13:20
88,Alfonso,Gi(ID 88)lbert,11225,347-656-8233,4289,1/18/2008 16:14
190,Kaylee,Richmon(ID 190)d,11224,646-799-3731,4290,1/19/2008 10:33
116,Dylan,Clar(ID 116)k,10468,646-576-9372,4291,1/19/2008 13:24
37,Grace,Ro(ID 37)we,10158,646-524-8955,4292,1/19/2008 14:23
179,Carleigh,Manning(ID 179),10021,646-573-3267,4293,1/20/2008 11:22
119,Tatiana,David(ID 119)son,10451,718-457-2953,4294,1/20/2008 16:02
151,Kaiya,Hul(ID 151)l,10457,347-829-1136,4295,1/20/2008 16:31
179,Carleigh,Ma(ID 179)nning,10021,646-573-3267,4296,1/21/2008 15:09
54,Jayson,Bull(ID 54)ock,11210,718-708-3598,4297,1/21/2008 16:44
164,Rebekah,Bea(ID 164)rd,10155,212-700-7304,4298,1/22/2008 9:23
148,Holden,Fow(ID 148)ler,10118,212-722-7454,4299,1/22/2008 12:19
89,Irvin,Hinton(ID 89),11363,212-335-8571,4300,1/22/2008 13:41
57,Lia,Ha(ID 57)rrell,10451,347-270-4389,4301,1/22/2008 16:21
30,Alexus,Cros(ID 30)by,10473,646-223-6544,4302,1/22/2008 16:48
5,Cael,Gl(ID 5)over,10026,646-623-7673,4303,1/23/2008 11:03
155,Leia,Schroede(ID 155)r,11362,347-373-6302,4304,1/24/2008 8:50
139,Quinten,Hubba(ID 139)rd,10016,917-687-2256,4305,1/24/2008 10:06
192,Jayden,Whit(ID 192)field,10037,347-356-9081,4306,1/24/2008 14:28
119,Tatiana,Dav(ID 119)idson,10451,718-457-2953,4307,1/26/2008 8:07
78,Octavio,Whi(ID 78)tehead,11218,212-423-2062,4308,1/26/2008 9:44
70,Terrance,For(ID 70)bes,10154,347-642-8572,4309,1/26/2008 14:48
65,Isaias,Moon(ID 65),10471,212-716-6333,4310,1/26/2008 15:00
106,Briley,Es(ID 106)trada,11360,646-234-2097,4311,1/28/2008 10:03
168,Kierra,Ho(ID 168)lmes,11101,718-451-2157,4312,1/29/2008 10:53
63,Quentin,Ran(ID 63)dolph,11207,347-625-6847,4313,1/29/2008 10:55
1,Jaylen,Christe(ID 1)nsen,10006,646-376-4466,4314,1/29/2008 11:19
159,Mireya,Woodar(ID 159)d,10110,718-496-7026,4315,1/29/2008 12:34
78,Octavio,White(ID 78)head,11218,212-423-2062,4316,1/29/2008 14:53
32,Reese,Rot(ID 32)h,11208,212-614-7981,4317,1/30/2008 8:16
79,Mariam,Bowen(ID 79),11238,646-292-3920,4318,1/30/2008 9:50
186,Quintin,Mc(ID 186)Connell,11413,917-363-2471,4319,1/30/2008 10:20
54,Jayson,Bullock(ID 54),11210,718-708-3598,4320,1/31/2008 8:20
86,Jaida,Whi(ID 86)tney,11363,718-703-2577,4321,2/1/2008 9:15
10,Aliya,Hoffma(ID 10)n,11366,917-613-6421,4322,2/1/2008 10:12
91,Pedro,Pa(ID 91)yne,10005,212-498-6862,4323,2/1/2008 12:53
8,Darren,Bu(ID 8)rns,10120,212-220-3311,4324,2/1/2008 12:59
27,Aaden,Lo(ID 27)we,11233,212-683-8794,4325,2/1/2008 16:16
55,Amy,Jarv(ID 55)is,11375,646-804-4663,4326,2/1/2008 16:45
133,Katherine,Tu(ID 133)rner,11216,347-589-7132,4327,2/3/2008 10:32
95,Matthias,Clem(ID 95)ons,11411,347-329-7260,4328,2/3/2008 16:26
23,Jocelynn,Buck(ID 23),11105,718-722-6313,4329,2/4/2008 11:32
76,Dixie,Cru(ID 76)z,10103,917-586-9422,4330,2/5/2008 12:35
101,Anabella,Ni(ID 101)xon,11249,212-523-6502,4331,2/6/2008 12:01
49,Selina,Nelso(ID 49)n,10035,718-511-4170,4332,2/6/2008 13:05
165,Cannon,Ber(ID 165)g,11420,646-605-8063,4333,2/7/2008 8:47
59,Desiree,Melton(ID 59),11432,646-270-2996,4334,2/7/2008 10:15
84,Makhi,Rob(ID 84)les,10451,917-612-4762,4335,2/7/2008 10:31
20,Reed,Flowers(ID 20),10168,646-547-6398,4336,2/7/2008 15:57
154,Landyn,Pit(ID 154)ts,10166,347-320-2243,4337,2/7/2008 16:44
40,King,Ros(ID 40)e,11367,347-823-6645,4338,2/9/2008 8:48
76,Dixie,Cru(ID 76)z,10103,917-586-9422,4339,2/9/2008 11:27
84,Makhi,Rob(ID 84)les,10451,917-612-4762,4340,2/10/2008 10:41
91,Pedro,Pay(ID 91)ne,10005,212-498-6862,4341,2/10/2008 14:51
181,Jakobe,Mil(ID 181)ler,10451,917-728-8534,4342,2/11/2008 10:06
81,Aileen,John(ID 81)son,11210,917-426-2147,4343,2/11/2008 11:35
99,Kyla,Shan(ID 99)non,11368,646-352-2431,4344,2/11/2008 12:02
30,Alexus,Cros(ID 30)by,10473,646-223-6544,4345,2/12/2008 8:13
75,Remington,Farr(ID 75)ell,11693,917-843-4608,4346,2/13/2008 10:43
63,Quentin,Randolp(ID 63)h,11207,347-625-6847,4347,2/13/2008 12:46
160,Raegan,Cant(ID 160)rell,10280,646-813-3328,4348,2/14/2008 15:27
58,Mitchell,Lloyd(ID 58),11362,718-796-7350,4349,2/14/2008 15:33
113,Regina,Br(ID 113)ewer,11209,646-614-1481,4350,2/15/2008 9:04
85,Elianna,Kau(ID 85)fman,11230,212-832-9113,4351,2/15/2008 16:57
113,Regina,Brewer(ID 113),11209,646-614-1481,4352,2/16/2008 12:48
135,Lena,Ri(ID 135)vera,11361,212-340-5502,4353,2/16/2008 14:32
17,Gemma,Donovan(ID 17),10069,646-768-1792,4354,2/17/2008 9:08
81,Aileen,Johnso(ID 81)n,11210,917-426-2147,4355,2/17/2008 13:08
182,Kassidy,Good(ID 182),10039,718-660-6567,4356,2/17/2008 13:19
152,Elianna,Medina(ID 152),10308,646-819-2778,4357,2/18/2008 16:59
66,Yaritza,Andr(ID 66)ews,11234,718-746-4988,4358,2/19/2008 13:04
135,Lena,Rivera(ID 135),11361,212-340-5502,4359,2/19/2008 16:12
134,Karli,Henso(ID 134)n,11356,917-716-1314,4360,2/19/2008 16:45
165,Cannon,Berg(ID 165),11420,646-605-8063,4361,2/20/2008 8:14
165,Cannon,Ber(ID 165)g,11420,646-605-8063,4362,2/20/2008 12:41
175,Bridger,Stephenson(ID 175),11374,718-792-7253,4363,2/21/2008 11:23
180,Charlie,Herring(ID 180),10473,212-321-1690,4364,2/21/2008 13:29
13,Melvin,Buckne(ID 13)r,10304,212-836-6512,4365,2/21/2008 14:55
42,Stanley,To(ID 42)wnsend,10314,212-775-3412,4366,2/21/2008 15:17
42,Stanley,Tow(ID 42)nsend,10314,212-775-3412,4367,2/23/2008 15:02
70,Terrance,Forbe(ID 70)s,10154,347-642-8572,4368,2/24/2008 11:33
157,Valentino,For(ID 157)d,11208,212-745-3651,4369,2/24/2008 16:25
125,Lacey,Spencer(ID 125),11411,917-605-3899,4370,2/25/2008 16:15
111,Belen,He(ID 111)ss,11237,917-302-6036,4371,2/25/2008 16:40
156,Jacoby,Cook(ID 156),10045,917-808-6186,4372,2/26/2008 12:53
46,Maurice,Tr(ID 46)an,10471,212-470-2697,4373,2/26/2008 14:55
175,Bridger,Steph(ID 175)enson,11374,718-792-7253,4374,2/26/2008 15:32
134,Karli,Henson(ID 134),11356,917-716-1314,4375,2/27/2008 10:40
37,Grace,Row(ID 37)e,10158,646-524-8955,4376,2/27/2008 15:36
78,Octavio,Whitehe(ID 78)ad,11218,212-423-2062,4377,2/28/2008 10:09
189,Jasmin,Gu(ID 189)zman,10028,718-377-3801,4378,2/29/2008 11:23
81,Aileen,Johns(ID 81)on,11210,917-426-2147,4379,2/29/2008 13:43
182,Kassidy,Go(ID 182)od,10039,718-660-6567,4380,3/1/2008 8:32
84,Makhi,Ro(ID 84)bles,10451,917-612-4762,4381,3/1/2008 12:58
125,Lacey,Spencer(ID 125),11411,917-605-3899,4382,3/2/2008 8:25
114,Bradley,Si(ID 114)ms,10456,646-587-3973,4383,3/2/2008 12:58
70,Terrance,Fo(ID 70)rbes,10154,347-642-8572,4384,3/2/2008 13:25
57,Lia,Harrel(ID 57)l,10451,347-270-4389,4385,3/2/2008 15:00
79,Mariam,Bowen(ID 79),11238,646-292-3920,4386,3/3/2008 13:23
39,Damaris,Cr(ID 39)osby,11436,646-662-5349,4387,3/3/2008 13:49
110,Kade,Ho(ID 110)od,10014,917-336-9522,4388,3/3/2008 16:34
87,Braylon,Spence(ID 87),11241,347-729-6167,4389,3/3/2008 16:50
9,Rigoberto,Ma(ID 9)yo,11358,212-537-6720,4390,3/4/2008 8:18
173,Rebekah,Bes(ID 173)t,11434,646-826-7098,4391,3/4/2008 10:44
134,Karli,He(ID 134)nson,11356,917-716-1314,4392,3/4/2008 11:48
80,Nelson,Flyn(ID 80)n,11109,646-725-6832,4393,3/4/2008 12:05
134,Karli,Hens(ID 134)on,11356,917-716-1314,4394,3/5/2008 9:42
27,Aaden,Lo(ID 27)we,11233,212-683-8794,4395,3/6/2008 12:02
35,Amari,Par(ID 35)ker,10010,212-525-3571,4396,3/6/2008 13:51
182,Kassidy,Go(ID 182)od,10039,718-660-6567,4397,3/6/2008 15:13
90,Janiah,Ki(ID 90)dd,11220,347-346-9229,4398,3/6/2008 16:30
156,Jacoby,Co(ID 156)ok,10045,917-808-6186,4399,3/7/2008 11:23
113,Regina,Brew(ID 113)er,11209,646-614-1481,4400,3/7/2008 11:39
163,Donavan,Ingram(ID 163),11224,718-543-2608,4401,3/7/2008 13:56
191,Kai,Spark(ID 191)s,11211,212-522-5661,4402,3/8/2008 13:10
125,Lacey,Sp(ID 125)encer,11411,917-605-3899,4403,3/8/2008 13:32
132,Jayda,Crawfo(ID 132)rd,11105,718-658-3906,4404,3/8/2008 15:13
11,Luna,Martinez(ID 11),10006,718-771-3686,4405,3/9/2008 8:28
154,Landyn,Pitt(ID 154)s,10166,347-320-2243,4406,3/10/2008 13:45
131,Desmond,Kn(ID 131)owles,10122,917-785-7273,4407,3/10/2008 16:06
79,Mariam,Bowen(ID 79),11238,646-292-3920,4408,3/11/2008 10:43
29,Alexander,Cantu(ID 29),10278,917-261-3926,4409,3/11/2008 11:10
48,Jaylen,Smit(ID 48)h,10464,212-432-9911,4410,3/12/2008 12:48
95,Matthias,Clemon(ID 95)s,11411,347-329-7260,4411,3/12/2008 15:54
174,Charles,McCo(ID 174)y,11220,347-312-4725,4412,3/13/2008 9:36
144,Donna,Gallego(ID 144)s,11421,917-617-3764,4413,3/13/2008 12:18
61,Rylie,Ayala(ID 61),10167,917-745-5684,4414,3/14/2008 16:24
76,Dixie,Cruz(ID 76),10103,917-586-9422,4415,3/14/2008 16:46
74,Zackary,Gill(ID 74)iam,10279,917-593-3931,4416,3/16/2008 8:21
176,Alison,Ma(ID 176)ys,10165,917-265-9366,4417,3/16/2008 12:47
65,Isaias,Mo(ID 65)on,10471,212-716-6333,4418,3/17/2008 13:09
67,Danny,Gr(ID 67)ay,10309,917-280-8507,4419,3/17/2008 16:34
81,Aileen,Johns(ID 81)on,11210,917-426-2147,4420,3/18/2008 12:54
25,Khalil,Medina(ID 25),11419,917-361-9803,4421,3/19/2008 11:24
150,Kaleigh,Ga(ID 150)ines,11422,718-823-7799,4422,3/20/2008 10:04
191,Kai,Spar(ID 191)ks,11211,212-522-5661,4423,3/20/2008 11:19
170,Skylar,Wh(ID 170)itfield,10469,212-827-7355,4424,3/20/2008 13:13
136,Deborah,La(ID 136)mb,10302,718-408-4184,4425,3/20/2008 14:42
127,Alexia,Rasmusse(ID 127)n,11422,718-534-2403,4426,3/22/2008 11:19
87,Braylon,Spenc(ID 87)e,11241,347-729-6167,4427,3/22/2008 11:45
134,Karli,Henson(ID 134),11356,917-716-1314,4428,3/23/2008 9:25
56,Immanuel,Joyce(ID 56),11234,212-671-1389,4429,3/23/2008 16:00
186,Quintin,McConn(ID 186)ell,11413,917-363-2471,4430,3/24/2008 8:20
36,Kendrick,Flo(ID 36)yd,11434,917-650-7989,4431,3/24/2008 9:07
61,Rylie,Aya(ID 61)la,10167,917-745-5684,4432,3/24/2008 11:22
40,King,Ro(ID 40)se,11367,347-823-6645,4433,3/25/2008 8:37
4,Lia,Sho(ID 4)rt,11230,718-664-9574,4434,3/25/2008 9:13
98,Brenden,Rasmusse(ID 98)n,10015,646-812-7298,4435,3/25/2008 9:34
195,Darius,Travi(ID 195)s,10459,917-444-3708,4436,3/25/2008 10:52
39,Damaris,Crosby(ID 39),11436,646-662-5349,4437,3/25/2008 13:12
47,Brayan,Ow(ID 47)ens,11239,347-766-3697,4438,3/25/2008 13:20
100,Branson,Ing(ID 100)ram,10026,212-780-2467,4439,3/25/2008 13:59
163,Donavan,Ingram(ID 163),11224,718-543-2608,4440,3/25/2008 15:52
127,Alexia,Rasmus(ID 127)sen,11422,718-534-2403,4441,3/25/2008 16:39
137,Amya,Wa(ID 137)lton,11422,347-350-9310,4442,3/26/2008 10:52
64,Miles,Bu(ID 64)rton,10465,646-336-1902,4443,3/26/2008 11:10
101,Anabella,Nix(ID 101)on,11249,212-523-6502,4444,3/27/2008 9:23
136,Deborah,Lamb(ID 136),10302,718-408-4184,4445,3/27/2008 10:39
79,Mariam,Bo(ID 79)wen,11238,646-292-3920,4446,3/27/2008 14:32
57,Lia,Har(ID 57)rell,10451,347-270-4389,4447,3/28/2008 11:03
5,Cael,Glo(ID 5)ver,10026,646-623-7673,4448,3/29/2008 8:00
93,Vance,Wilco(ID 93)x,10466,347-314-5165,4449,3/29/2008 8:49
45,Omari,Rush(ID 45),11691,646-516-3070,4450,3/29/2008 13:35
171,Savanah,Ferna(ID 171)ndez,11379,212-358-3769,4451,3/29/2008 15:37
20,Reed,Flowe(ID 20)rs,10168,646-547-6398,4452,3/30/2008 10:20
75,Remington,Farr(ID 75)ell,11693,917-843-4608,4453,3/30/2008 15:26
80,Nelson,Flyn(ID 80)n,11109,646-725-6832,4454,4/1/2008 16:09
158,Alessandro,Ca(ID 158)sey,11209,917-647-6620,4455,4/2/2008 13:07
119,Tatiana,Davi(ID 119)dson,10451,718-457-2953,4456,4/5/2008 12:07
61,Rylie,Ayala(ID 61),10167,917-745-5684,4457,4/5/2008 12:13
35,Amari,Parke(ID 35)r,10010,212-525-3571,4458,4/5/2008 15:31
92,Adeline,Dill(ID 92)on,11373,718-512-2564,4459,4/6/2008 14:09
54,Jayson,Bulloc(ID 54)k,11210,718-708-3598,4460,4/6/2008 16:17
100,Branson,Ingr(ID 100)am,10026,212-780-2467,4461,4/7/2008 13:42
37,Grace,Rowe(ID 37),10158,646-524-8955,4462,4/9/2008 9:07
55,Amy,Jarv(ID 55)is,11375,646-804-4663,4463,4/9/2008 14:05
85,Elianna,Kaufman(ID 85),11230,212-832-9113,4464,4/9/2008 15:08
33,Presley,Padilla(ID 33),11357,646-358-6884,4465,4/11/2008 12:55
75,Remington,Fa(ID 75)rrell,11693,917-843-4608,4466,4/12/2008 8:21
25,Khalil,Medin(ID 25)a,11419,917-361-9803,4467,4/12/2008 12:05
142,Harrison,Duk(ID 142)e,10112,718-245-5292,4468,4/12/2008 12:34
116,Dylan,Clar(ID 116)k,10468,646-576-9372,4469,4/12/2008 13:32
72,Deja,Lin(ID 72)dsey,10307,212-411-1820,4470,4/12/2008 16:36
104,Dillon,Ro(ID 104)berson,10118,212-629-8042,4471,4/14/2008 8:45
111,Belen,Hess(ID 111),11237,917-302-6036,4472,4/14/2008 16:17
144,Donna,Gallego(ID 144)s,11421,917-617-3764,4473,4/15/2008 9:35
153,Leland,Hunt(ID 153)er,11109,212-793-5299,4474,4/15/2008 9:48
115,Mathew,Harr(ID 115)ison,11694,646-614-8165,4475,4/15/2008 10:59
93,Vance,Wilco(ID 93)x,10466,347-314-5165,4476,4/16/2008 13:56
176,Alison,Ma(ID 176)ys,10165,917-265-9366,4477,4/16/2008 14:36
124,Cody,Lea(ID 124)ch,10005,347-570-3346,4478,4/16/2008 16:37
163,Donavan,Ingra(ID 163)m,11224,718-543-2608,4479,4/17/2008 8:24
106,Briley,Estrada(ID 106),11360,646-234-2097,4480,4/17/2008 8:41
167,Neveah,Reyno(ID 167)lds,10019,646-527-1224,4481,4/17/2008 10:56
14,Jeramiah,Pot(ID 14)ts,11221,646-228-5446,4482,4/18/2008 10:21
148,Holden,Fowle(ID 148)r,10118,212-722-7454,4483,4/18/2008 10:54
24,Zaniyah,Ca(ID 24)se,11103,718-604-7729,4484,4/18/2008 12:48
195,Darius,Tra(ID 195)vis,10459,917-444-3708,4485,4/21/2008 8:30
174,Charles,McCoy(ID 174),11220,347-312-4725,4486,4/21/2008 11:48
104,Dillon,Rob(ID 104)erson,10118,212-629-8042,4487,4/21/2008 14:16
30,Alexus,Crosb(ID 30)y,10473,646-223-6544,4488,4/22/2008 10:21
97,Reina,Hester(ID 97),11435,917-817-8225,4489,4/22/2008 10:34
116,Dylan,Clar(ID 116)k,10468,646-576-9372,4490,4/22/2008 13:34
185,Malia,Bridg(ID 185)es,10128,917-338-2937,4491,4/22/2008 16:41
35,Amari,Pa(ID 35)rker,10010,212-525-3571,4492,4/23/2008 11:04
195,Darius,Tra(ID 195)vis,10459,917-444-3708,4493,4/23/2008 11:47
140,Skylar,Buc(ID 140)k,10162,212-592-7909,4494,4/23/2008 12:59
74,Zackary,Gill(ID 74)iam,10279,917-593-3931,4495,4/23/2008 13:14
103,Fabian,Bryan(ID 103),10168,646-523-3121,4496,4/23/2008 15:31
98,Brenden,Rasmusse(ID 98)n,10015,646-812-7298,4497,4/23/2008 16:04
176,Alison,Ma(ID 176)ys,10165,917-265-9366,4498,4/24/2008 11:25
195,Darius,Tr(ID 195)avis,10459,917-444-3708,4499,4/24/2008 16:13
95,Matthias,Clemon(ID 95)s,11411,347-329-7260,4500,4/26/2008 8:03
17,Gemma,Dono(ID 17)van,10069,646-768-1792,4501,4/26/2008 10:32
32,Reese,Rot(ID 32)h,11208,212-614-7981,4502,4/27/2008 10:06
111,Belen,Hess(ID 111),11237,917-302-6036,4503,4/27/2008 12:40
45,Omari,Rush(ID 45),11691,646-516-3070,4504,4/28/2008 8:41
174,Charles,McCoy(ID 174),11220,347-312-4725,4505,4/28/2008 13:08
83,Kamryn,Ho(ID 83)pper,11418,917-350-9472,4506,4/28/2008 15:42
138,Kyleigh,Frank(ID 138)s,10309,718-550-6560,4507,4/29/2008 10:27
98,Brenden,Rasmusse(ID 98)n,10015,646-812-7298,4508,4/29/2008 10:27
102,Anabelle,Wi(ID 102)lson,11211,917-728-8694,4509,4/30/2008 13:09
25,Khalil,Medin(ID 25)a,11419,917-361-9803,4510,5/1/2008 8:04
56,Immanuel,Joy(ID 56)ce,11234,212-671-1389,4511,5/2/2008 8:03
76,Dixie,Cr(ID 76)uz,10103,917-586-9422,4512,5/2/2008 12:28
57,Lia,Ha(ID 57)rrell,10451,347-270-4389,4513,5/3/2008 14:17
133,Katherine,Tu(ID 133)rner,11216,347-589-7132,4514,5/4/2008 12:01
32,Reese,Roth(ID 32),11208,212-614-7981,4515,5/4/2008 15:43
66,Yaritza,And(ID 66)rews,11234,718-746-4988,4516,5/5/2008 16:26
32,Reese,Rot(ID 32)h,11208,212-614-7981,4517,5/6/2008 8:59
141,Vanessa,Mcm(ID 141)ahon,10026,212-569-4823,4518,5/6/2008 16:11
99,Kyla,Shann(ID 99)on,11368,646-352-2431,4519,5/7/2008 10:07
88,Alfonso,Gilber(ID 88)t,11225,347-656-8233,4520,5/7/2008 10:37
165,Cannon,Ber(ID 165)g,11420,646-605-8063,4521,5/9/2008 8:52
29,Alexander,Can(ID 29)tu,10278,917-261-3926,4522,5/9/2008 13:35
59,Desiree,Me(ID 59)lton,11432,646-270-2996,4523,5/9/2008 14:58
99,Kyla,Shanno(ID 99)n,11368,646-352-2431,4524,5/9/2008 16:23
191,Kai,Sp(ID 191)arks,11211,212-522-5661,4525,5/10/2008 9:15
15,Owen,Nobl(ID 15)e,10453,212-476-4876,4526,5/10/2008 9:30
39,Damaris,Crosby(ID 39),11436,646-662-5349,4527,5/10/2008 12:00
101,Anabella,Nixo(ID 101)n,11249,212-523-6502,4528,5/10/2008 15:44
61,Rylie,Aya(ID 61)la,10167,917-745-5684,4529,5/11/2008 9:41
52,Jaycee,Englan(ID 52)d,10014,347-368-1526,4530,5/13/2008 8:39
124,Cody,Le(ID 124)ach,10005,347-570-3346,4531,5/13/2008 9:49
127,Alexia,Rasmus(ID 127)sen,11422,718-534-2403,4532,5/13/2008 16:17
110,Kade,Ho(ID 110)od,10014,917-336-9522,4533,5/15/2008 11:45
72,Deja,Lin(ID 72)dsey,10307,212-411-1820,4534,5/15/2008 15:39
83,Kamryn,Hopp(ID 83)er,11418,917-350-9472,4535,5/16/2008 10:03
86,Jaida,Whitney(ID 86),11363,718-703-2577,4536,5/16/2008 16:07
168,Kierra,Hol(ID 168)mes,11101,718-451-2157,4537,5/16/2008 16:23
57,Lia,Har(ID 57)rell,10451,347-270-4389,4538,5/17/2008 14:42
12,Angelique,Oli(ID 12)ver,11413,917-252-3830,4539,5/17/2008 15:20
174,Charles,McCo(ID 174)y,11220,347-312-4725,4540,5/18/2008 9:43
165,Cannon,Be(ID 165)rg,11420,646-605-8063,4541,5/18/2008 10:56
52,Jaycee,Eng(ID 52)land,10014,347-368-1526,4542,5/18/2008 14:20
123,Moses,Ing(ID 123)ram,10015,917-682-3372,4543,5/19/2008 9:13
194,Kymani,Be(ID 194)ck,10463,718-351-9427,4544,5/19/2008 13:41
14,Jeramiah,Po(ID 14)tts,11221,646-228-5446,4545,5/19/2008 15:49
149,Savanah,Forbe(ID 149)s,10281,917-687-6671,4546,5/20/2008 15:55
18,Jack,Bru(ID 18)ce,11218,646-522-7235,4547,5/21/2008 12:07
189,Jasmin,Gu(ID 189)zman,10028,718-377-3801,4548,5/21/2008 12:31
66,Yaritza,Andrew(ID 66)s,11234,718-746-4988,4549,5/21/2008 15:12
22,Hadassah,Abbo(ID 22)tt,11377,917-823-9292,4550,5/21/2008 16:22
8,Darren,Burn(ID 8)s,10120,212-220-3311,4551,5/22/2008 11:28
143,Jasiah,Kirklan(ID 143)d,10468,347-479-2352,4552,5/22/2008 12:54
97,Reina,Hest(ID 97)er,11435,917-817-8225,4553,5/22/2008 13:16
14,Jeramiah,Pot(ID 14)ts,11221,646-228-5446,4554,5/22/2008 15:57
154,Landyn,Pit(ID 154)ts,10166,347-320-2243,4555,5/23/2008 16:42
4,Lia,Short(ID 4),11230,718-664-9574,4556,5/24/2008 14:54
158,Alessandro,Casey(ID 158),11209,917-647-6620,4557,5/25/2008 11:35
14,Jeramiah,Potts(ID 14),11221,646-228-5446,4558,5/26/2008 13:12
167,Neveah,Reynold(ID 167)s,10019,646-527-1224,4559,5/26/2008 15:37
151,Kaiya,Hul(ID 151)l,10457,347-829-1136,4560,5/27/2008 8:07
88,Alfonso,Gilb(ID 88)ert,11225,347-656-8233,4561,5/27/2008 11:56
3,Yandel,Fran(ID 3)klin,10099,718-510-6575,4562,5/27/2008 15:13
115,Mathew,Harrison(ID 115),11694,646-614-8165,4563,5/28/2008 11:21
156,Jacoby,Coo(ID 156)k,10045,917-808-6186,4564,5/28/2008 15:00
149,Savanah,Forbes(ID 149),10281,917-687-6671,4565,5/29/2008 12:53
138,Kyleigh,Fra(ID 138)nks,10309,718-550-6560,4566,5/29/2008 14:09
54,Jayson,Bull(ID 54)ock,11210,718-708-3598,4567,5/29/2008 15:33
117,Aliza,Fore(ID 117)man,11697,917-380-2950,4568,5/31/2008 11:38
7,Jaqueline,Ewing(ID 7),10106,347-409-5439,4569,6/1/2008 9:04
150,Kaleigh,Ga(ID 150)ines,11422,718-823-7799,4570,6/1/2008 11:41
18,Jack,Bru(ID 18)ce,11218,646-522-7235,4571,6/1/2008 14:36
24,Zaniyah,Cas(ID 24)e,11103,718-604-7729,4572,6/2/2008 15:12
62,Ansley,Henso(ID 62)n,10173,917-353-7715,4573,6/3/2008 12:31
153,Leland,Hunte(ID 153)r,11109,212-793-5299,4574,6/4/2008 8:08
146,Brett,Wilki(ID 146)nson,10303,347-524-8554,4575,6/4/2008 11:02
63,Quentin,Rando(ID 63)lph,11207,347-625-6847,4576,6/4/2008 16:04
152,Elianna,Med(ID 152)ina,10308,646-819-2778,4577,6/5/2008 16:42
67,Danny,Gr(ID 67)ay,10309,917-280-8507,4578,6/6/2008 12:23
115,Mathew,Ha(ID 115)rrison,11694,646-614-8165,4579,6/6/2008 13:30
184,Hallie,Casey(ID 184),10107,646-463-4607,4580,6/6/2008 14:29
19,Salvador,Emers(ID 19)on,10028,347-276-8948,4581,6/7/2008 9:12
80,Nelson,Flynn(ID 80),11109,646-725-6832,4582,6/7/2008 11:17
154,Landyn,Pitts(ID 154),10166,347-320-2243,4583,6/9/2008 13:01
155,Leia,Sc(ID 155)hroeder,11362,347-373-6302,4584,6/9/2008 16:43
111,Belen,Hes(ID 111)s,11237,917-302-6036,4585,6/10/2008 12:54
10,Aliya,Ho(ID 10)ffman,11366,917-613-6421,4586,6/10/2008 15:10
5,Cael,Glove(ID 5)r,10026,646-623-7673,4587,6/12/2008 8:03
79,Mariam,Bo(ID 79)wen,11238,646-292-3920,4588,6/12/2008 10:26
52,Jaycee,Englan(ID 52)d,10014,347-368-1526,4589,6/13/2008 13:44
65,Isaias,Moon(ID 65),10471,212-716-6333,4590,6/14/2008 9:18
153,Leland,Hunter(ID 153),11109,212-793-5299,4591,6/14/2008 15:32
99,Kyla,Shan(ID 99)non,11368,646-352-2431,4592,6/15/2008 12:24
148,Holden,Fowl(ID 148)er,10118,212-722-7454,4593,6/15/2008 13:17
81,Aileen,John(ID 81)son,11210,917-426-2147,4594,6/16/2008 8:01
152,Elianna,Me(ID 152)dina,10308,646-819-2778,4595,6/16/2008 9:16
144,Donna,Gal(ID 144)legos,11421,917-617-3764,4596,6/16/2008 11:37
31,Jazmin,Schmi(ID 31)dt,11237,718-294-7531,4597,6/16/2008 14:36
2,Reynaldo,Ha(ID 2)rris,11223,646-382-3431,4598,6/17/2008 8:01
165,Cannon,Berg(ID 165),11420,646-605-8063,4599,6/17/2008 11:06
78,Octavio,Whitehea(ID 78)d,11218,212-423-2062,4600,6/17/2008 13:40
60,Evie,Bea(ID 60)sley,11360,347-379-6271,4601,6/17/2008 14:31
160,Raegan,Cantr(ID 160)ell,10280,646-813-3328,4602,6/17/2008 15:12
104,Dillon,Robers(ID 104)on,10118,212-629-8042,4603,6/17/2008 15:38
18,Jack,Bru(ID 18)ce,11218,646-522-7235,4604,6/18/2008 9:47
106,Briley,Estrad(ID 106)a,11360,646-234-2097,4605,6/18/2008 14:17
186,Quintin,McConnell(ID 186),11413,917-363-2471,4606,6/19/2008 15:40
10,Aliya,Hoff(ID 10)man,11366,917-613-6421,4607,6/20/2008 11:43
156,Jacoby,Co(ID 156)ok,10045,917-808-6186,4608,6/21/2008 11:54
74,Zackary,Gillia(ID 74)m,10279,917-593-3931,4609,6/21/2008 16:11
66,Yaritza,And(ID 66)rews,11234,718-746-4988,4610,6/22/2008 10:08
61,Rylie,Ay(ID 61)ala,10167,917-745-5684,4611,6/23/2008 8:11
26,Jaylan,Martin(ID 26),10123,212-403-5255,4612,6/23/2008 9:21
87,Braylon,Spen(ID 87)ce,11241,347-729-6167,4613,6/23/2008 12:53
96,Bailey,Jorda(ID 96)n,10029,347-840-4080,4614,6/23/2008 13:28
59,Desiree,Mel(ID 59)ton,11432,646-270-2996,4615,6/24/2008 12:20
103,Fabian,Bryan(ID 103),10168,646-523-3121,4616,6/24/2008 16:37
72,Deja,Li(ID 72)ndsey,10307,212-411-1820,4617,6/25/2008 10:25
78,Octavio,Whitehead(ID 78),11218,212-423-2062,4618,6/25/2008 10:45
99,Kyla,Shann(ID 99)on,11368,646-352-2431,4619,6/25/2008 13:29
12,Angelique,Ol(ID 12)iver,11413,917-252-3830,4620,6/25/2008 16:11
89,Irvin,Hin(ID 89)ton,11363,212-335-8571,4621,6/26/2008 12:16
63,Quentin,Rand(ID 63)olph,11207,347-625-6847,4622,6/27/2008 12:15
129,Deven,Graha(ID 129)m,11693,646-246-7524,4623,6/28/2008 8:33
188,Makenna,Jos(ID 188)eph,10172,212-533-9260,4624,6/28/2008 12:28
163,Donavan,Ingr(ID 163)am,11224,718-543-2608,4625,6/28/2008 15:47
8,Darren,Bur(ID 8)ns,10120,212-220-3311,4626,6/28/2008 16:35
139,Quinten,Hubbard(ID 139),10016,917-687-2256,4627,6/29/2008 10:41
98,Brenden,Rasmus(ID 98)sen,10015,646-812-7298,4628,6/29/2008 12:52
80,Nelson,Fly(ID 80)nn,11109,646-725-6832,4629,6/30/2008 10:13
104,Dillon,Rob(ID 104)erson,10118,212-629-8042,4630,6/30/2008 13:55
84,Makhi,Robles(ID 84),10451,917-612-4762,4631,6/30/2008 14:53
47,Brayan,Owen(ID 47)s,11239,347-766-3697,4632,6/30/2008 15:10
110,Kade,Hood(ID 110),10014,917-336-9522,4633,7/1/2008 9:35
39,Damaris,Cr(ID 39)osby,11436,646-662-5349,4634,7/1/2008 12:23
79,Mariam,Bowe(ID 79)n,11238,646-292-3920,4635,7/1/2008 13:42
125,Lacey,Spence(ID 125)r,11411,917-605-3899,4636,7/1/2008 15:37
153,Leland,Hunte(ID 153)r,11109,212-793-5299,4637,7/1/2008 16:43
146,Brett,Wilkins(ID 146)on,10303,347-524-8554,4638,7/2/2008 8:18
163,Donavan,Ingr(ID 163)am,11224,718-543-2608,4639,7/3/2008 8:29
153,Leland,Hunter(ID 153),11109,212-793-5299,4640,7/3/2008 14:53
62,Ansley,Henso(ID 62)n,10173,917-353-7715,4641,7/3/2008 16:27
167,Neveah,Reynold(ID 167)s,10019,646-527-1224,4642,7/4/2008 13:50
74,Zackary,Gilli(ID 74)am,10279,917-593-3931,4643,7/5/2008 8:58
48,Jaylen,Smit(ID 48)h,10464,212-432-9911,4644,7/5/2008 9:49
5,Cael,Glov(ID 5)er,10026,646-623-7673,4645,7/5/2008 10:15
67,Danny,Gra(ID 67)y,10309,917-280-8507,4646,7/6/2008 8:50
80,Nelson,Fly(ID 80)nn,11109,646-725-6832,4647,7/6/2008 14:28
41,Ryleigh,Wil(ID 41)kins,10302,917-766-5604,4648,7/6/2008 15:15
61,Rylie,Ay(ID 61)ala,10167,917-745-5684,4649,7/6/2008 15:40
47,Brayan,Owen(ID 47)s,11239,347-766-3697,4650,7/6/2008 16:42
161,Peyton,Pa(ID 161)ce,11216,646-619-7420,4651,7/7/2008 11:33
19,Salvador,Emerson(ID 19),10028,347-276-8948,4652,7/8/2008 8:44
30,Alexus,Cro(ID 30)sby,10473,646-223-6544,4653,7/8/2008 12:02
194,Kymani,Beck(ID 194),10463,718-351-9427,4654,7/8/2008 16:32
39,Damaris,Cros(ID 39)by,11436,646-662-5349,4655,7/9/2008 14:02
76,Dixie,Cru(ID 76)z,10103,917-586-9422,4656,7/9/2008 14:30
126,Serena,Peter(ID 126)s,11363,718-380-2477,4657,7/9/2008 16:47
100,Branson,Ing(ID 100)ram,10026,212-780-2467,4658,7/10/2008 9:39
146,Brett,Wilk(ID 146)inson,10303,347-524-8554,4659,7/12/2008 13:59
18,Jack,Bruc(ID 18)e,11218,646-522-7235,4660,7/13/2008 15:10
82,Harry,Roger(ID 82)s,11370,917-782-8106,4661,7/14/2008 15:50
191,Kai,Spar(ID 191)ks,11211,212-522-5661,4662,7/15/2008 13:51
158,Alessandro,Case(ID 158)y,11209,917-647-6620,4663,7/17/2008 11:37
156,Jacoby,Coo(ID 156)k,10045,917-808-6186,4664,7/17/2008 13:05
91,Pedro,Payn(ID 91)e,10005,212-498-6862,4665,7/17/2008 16:00
32,Reese,Rot(ID 32)h,11208,212-614-7981,4666,7/18/2008 10:11
115,Mathew,Harrison(ID 115),11694,646-614-8165,4667,7/18/2008 12:28
7,Jaqueline,Ewi(ID 7)ng,10106,347-409-5439,4668,7/18/2008 15:03
152,Elianna,Med(ID 152)ina,10308,646-819-2778,4669,7/20/2008 8:04
5,Cael,Glov(ID 5)er,10026,646-623-7673,4670,7/20/2008 11:20
166,Rihanna,Gut(ID 166)hrie,11204,212-560-3413,4671,7/20/2008 12:35
2,Reynaldo,Harris(ID 2),11223,646-382-3431,4672,7/20/2008 14:31
140,Skylar,Buc(ID 140)k,10162,212-592-7909,4673,7/21/2008 10:14
131,Desmond,Kno(ID 131)wles,10122,917-785-7273,4674,7/21/2008 12:46
155,Leia,Schroede(ID 155)r,11362,347-373-6302,4675,7/22/2008 14:21
94,Beau,Wa(ID 94)re,10013,646-391-9926,4676,7/22/2008 14:47
96,Bailey,Jordan(ID 96),10029,347-840-4080,4677,7/23/2008 8:59
32,Reese,Roth(ID 32),11208,212-614-7981,4678,7/25/2008 14:29
10,Aliya,Ho(ID 10)ffman,11366,917-613-6421,4679,7/25/2008 16:09
183,Londyn,Bentle(ID 183)y,10470,917-278-4443,4680,7/25/2008 16:38
56,Immanuel,Joyc(ID 56)e,11234,212-671-1389,4681,7/26/2008 12:02
54,Jayson,Bul(ID 54)lock,11210,718-708-3598,4682,7/26/2008 13:04
22,Hadassah,Abb(ID 22)ott,11377,917-823-9292,4683,7/27/2008 14:54
40,King,Ro(ID 40)se,11367,347-823-6645,4684,7/28/2008 16:44
152,Elianna,Medin(ID 152)a,10308,646-819-2778,4685,7/29/2008 12:52
1,Jaylen,Chris(ID 1)tensen,10006,646-376-4466,4686,7/30/2008 10:27
116,Dylan,Clar(ID 116)k,10468,646-576-9372,4687,7/30/2008 15:53
192,Jayden,Whitfiel(ID 192)d,10037,347-356-9081,4688,7/31/2008 8:06
3,Yandel,Franklin(ID 3),10099,718-510-6575,4689,7/31/2008 9:10
183,Londyn,Bentle(ID 183)y,10470,917-278-4443,4690,8/1/2008 10:29
12,Angelique,Oliv(ID 12)er,11413,917-252-3830,4691,8/1/2008 13:27
41,Ryleigh,Wil(ID 41)kins,10302,917-766-5604,4692,8/2/2008 16:18
176,Alison,May(ID 176)s,10165,917-265-9366,4693,8/3/2008 10:31
105,Porter,Park(ID 105)s,11385,718-483-5325,4694,8/4/2008 10:00
143,Jasiah,Kirkl(ID 143)and,10468,347-479-2352,4695,8/5/2008 15:09
195,Darius,Trav(ID 195)is,10459,917-444-3708,4696,8/6/2008 16:19
90,Janiah,Kidd(ID 90),11220,347-346-9229,4697,8/7/2008 13:57
62,Ansley,He(ID 62)nson,10173,917-353-7715,4698,8/7/2008 16:41
134,Karli,Henso(ID 134)n,11356,917-716-1314,4699,8/7/2008 16:49
47,Brayan,Owens(ID 47),11239,347-766-3697,4700,8/8/2008 13:28
80,Nelson,Fl(ID 80)ynn,11109,646-725-6832,4701,8/9/2008 8:41
175,Bridger,Steph(ID 175)enson,11374,718-792-7253,4702,8/10/2008 13:18
81,Aileen,John(ID 81)son,11210,917-426-2147,4703,8/11/2008 9:04
174,Charles,McCoy(ID 174),11220,347-312-4725,4704,8/11/2008 11:39
113,Regina,Brewer(ID 113),11209,646-614-1481,4705,8/12/2008 9:14
18,Jack,Bruce(ID 18),11218,646-522-7235,4706,8/13/2008 16:09
148,Holden,Fo(ID 148)wler,10118,212-722-7454,4707,8/13/2008 16:22
104,Dillon,Rob(ID 104)erson,10118,212-629-8042,4708,8/14/2008 13:36
111,Belen,Hess(ID 111),11237,917-302-6036,4709,8/15/2008 15:56
150,Kaleigh,Gaines(ID 150),11422,718-823-7799,4710,8/16/2008 9:48
170,Skylar,Whitfi(ID 170)eld,10469,212-827-7355,4711,8/16/2008 10:55
145,Giuliana,Mil(ID 145)es,11373,917-657-9916,4712,8/17/2008 15:31
71,Lucy,Baldwin(ID 71),10024,917-661-5442,4713,8/17/2008 16:57
134,Karli,Hens(ID 134)on,11356,917-716-1314,4714,8/18/2008 11:48
182,Kassidy,Go(ID 182)od,10039,718-660-6567,4715,8/18/2008 12:39
188,Makenna,Jose(ID 188)ph,10172,212-533-9260,4716,8/19/2008 8:04
193,Savanna,One(ID 193)il,10069,646-733-3847,4717,8/20/2008 11:19
104,Dillon,Roberson(ID 104),10118,212-629-8042,4718,8/20/2008 16:13
178,Maximilian,Moral(ID 178)es,11217,212-772-6202,4719,8/21/2008 12:44
140,Skylar,Bu(ID 140)ck,10162,212-592-7909,4720,8/21/2008 15:37
182,Kassidy,Good(ID 182),10039,718-660-6567,4721,8/23/2008 13:40
31,Jazmin,Schmid(ID 31)t,11237,718-294-7531,4722,8/23/2008 14:39
12,Angelique,Olive(ID 12)r,11413,917-252-3830,4723,8/24/2008 10:03
109,Jordan,Scott(ID 109),10048,917-284-9436,4724,8/24/2008 12:30
109,Jordan,Scot(ID 109)t,10048,917-284-9436,4725,8/24/2008 12:35
159,Mireya,Woodar(ID 159)d,10110,718-496-7026,4726,8/24/2008 14:04
20,Reed,Flower(ID 20)s,10168,646-547-6398,4727,8/26/2008 12:10
165,Cannon,Ber(ID 165)g,11420,646-605-8063,4728,8/27/2008 11:01
39,Damaris,Cro(ID 39)sby,11436,646-662-5349,4729,8/27/2008 13:48
104,Dillon,Ro(ID 104)berson,10118,212-629-8042,4730,8/29/2008 8:49
25,Khalil,Med(ID 25)ina,11419,917-361-9803,4731,8/29/2008 10:25
108,Adeline,Dickers(ID 108)on,10111,718-703-9796,4732,8/29/2008 12:08
56,Immanuel,Joyc(ID 56)e,11234,212-671-1389,4733,8/30/2008 9:40
93,Vance,Wilcox(ID 93),10466,347-314-5165,4734,8/31/2008 12:03
12,Angelique,Ol(ID 12)iver,11413,917-252-3830,4735,8/31/2008 12:32
105,Porter,Parks(ID 105),11385,718-483-5325,4736,8/31/2008 15:44
20,Reed,Flowe(ID 20)rs,10168,646-547-6398,4737,9/3/2008 12:21
32,Reese,Roth(ID 32),11208,212-614-7981,4738,9/3/2008 13:20
111,Belen,He(ID 111)ss,11237,917-302-6036,4739,9/3/2008 13:39
77,Yair,Edward(ID 77)s,10468,347-774-4501,4740,9/4/2008 12:13
190,Kaylee,Richmon(ID 190)d,11224,646-799-3731,4741,9/4/2008 13:02
14,Jeramiah,Pott(ID 14)s,11221,646-228-5446,4742,9/5/2008 8:05
52,Jaycee,En(ID 52)gland,10014,347-368-1526,4743,9/5/2008 8:25
13,Melvin,Bu(ID 13)ckner,10304,212-836-6512,4744,9/5/2008 12:03
179,Carleigh,Mannin(ID 179)g,10021,646-573-3267,4745,9/5/2008 14:20
124,Cody,Lea(ID 124)ch,10005,347-570-3346,4746,9/8/2008 8:35
89,Irvin,Hinto(ID 89)n,11363,212-335-8571,4747,9/8/2008 15:53
49,Selina,Nels(ID 49)on,10035,718-511-4170,4748,9/9/2008 9:29
135,Lena,Ri(ID 135)vera,11361,212-340-5502,4749,9/9/2008 9:50
127,Alexia,Rasmusse(ID 127)n,11422,718-534-2403,4750,9/9/2008 11:05
41,Ryleigh,Wilkin(ID 41)s,10302,917-766-5604,4751,9/9/2008 12:10
55,Amy,Jarvi(ID 55)s,11375,646-804-4663,4752,9/9/2008 15:02
100,Branson,Ing(ID 100)ram,10026,212-780-2467,4753,9/10/2008 8:32
26,Jaylan,Marti(ID 26)n,10123,212-403-5255,4754,9/12/2008 13:17
8,Darren,Bur(ID 8)ns,10120,212-220-3311,4755,9/12/2008 13:58
101,Anabella,Nix(ID 101)on,11249,212-523-6502,4756,9/13/2008 14:00
110,Kade,Ho(ID 110)od,10014,917-336-9522,4757,9/14/2008 13:43
68,Autumn,Burne(ID 68)tt,11366,917-355-7377,4758,9/14/2008 16:34
142,Harrison,Duke(ID 142),10112,718-245-5292,4759,9/15/2008 11:16
100,Branson,In(ID 100)gram,10026,212-780-2467,4760,9/16/2008 11:35
14,Jeramiah,Potts(ID 14),11221,646-228-5446,4761,9/16/2008 12:08
188,Makenna,Jose(ID 188)ph,10172,212-533-9260,4762,9/17/2008 11:45
13,Melvin,Bu(ID 13)ckner,10304,212-836-6512,4763,9/20/2008 8:56
85,Elianna,Kaufman(ID 85),11230,212-832-9113,4764,9/21/2008 11:00
185,Malia,Bridg(ID 185)es,10128,917-338-2937,4765,9/21/2008 11:42
100,Branson,Ingra(ID 100)m,10026,212-780-2467,4766,9/21/2008 12:02
121,Jazmyn,Liv(ID 121)ingston,11414,917-364-9971,4767,9/21/2008 14:04
117,Aliza,Foreman(ID 117),11697,917-380-2950,4768,9/21/2008 16:47
55,Amy,Jarvi(ID 55)s,11375,646-804-4663,4769,9/21/2008 16:54
140,Skylar,Buck(ID 140),10162,212-592-7909,4770,9/23/2008 8:16
149,Savanah,For(ID 149)bes,10281,917-687-6671,4771,9/23/2008 8:21
106,Briley,Es(ID 106)trada,11360,646-234-2097,4772,9/24/2008 10:56
101,Anabella,Ni(ID 101)xon,11249,212-523-6502,4773,9/24/2008 15:27
93,Vance,Wi(ID 93)lcox,10466,347-314-5165,4774,9/25/2008 16:57
160,Raegan,Cantr(ID 160)ell,10280,646-813-3328,4775,9/27/2008 16:59
52,Jaycee,Engla(ID 52)nd,10014,347-368-1526,4776,9/28/2008 11:34
63,Quentin,Rand(ID 63)olph,11207,347-625-6847,4777,9/28/2008 12:28
182,Kassidy,Go(ID 182)od,10039,718-660-6567,4778,9/29/2008 8:46
4,Lia,Sh(ID 4)ort,11230,718-664-9574,4779,9/29/2008 9:06
139,Quinten,Hub(ID 139)bard,10016,917-687-2256,4780,9/30/2008 8:52
55,Amy,Jarv(ID 55)is,11375,646-804-4663,4781,9/30/2008 12:51
101,Anabella,Nixo(ID 101)n,11249,212-523-6502,4782,10/1/2008 8:03
142,Harrison,Duk(ID 142)e,10112,718-245-5292,4783,10/1/2008 8:31
195,Darius,Travis(ID 195),10459,917-444-3708,4784,10/2/2008 11:07
62,Ansley,Hens(ID 62)on,10173,917-353-7715,4785,10/3/2008 14:52
175,Bridger,Stephenso(ID 175)n,11374,718-792-7253,4786,10/4/2008 10:57
47,Brayan,Ow(ID 47)ens,11239,347-766-3697,4787,10/5/2008 12:04
10,Aliya,Hoff(ID 10)man,11366,917-613-6421,4788,10/5/2008 13:36
172,Fernando,Ro(ID 172)sa,10031,917-669-3112,4789,10/5/2008 13:59
145,Giuliana,Miles(ID 145),11373,917-657-9916,4790,10/6/2008 11:07
1,Jaylen,Christense(ID 1)n,10006,646-376-4466,4791,10/6/2008 16:08
35,Amari,Park(ID 35)er,10010,212-525-3571,4792,10/7/2008 8:23
70,Terrance,Forbes(ID 70),10154,347-642-8572,4793,10/7/2008 9:50
167,Neveah,Re(ID 167)ynolds,10019,646-527-1224,4794,10/9/2008 12:53
159,Mireya,Wo(ID 159)odard,10110,718-496-7026,4795,10/11/2008 8:14
34,Adrianna,Dun(ID 34)can,10032,646-544-5915,4796,10/12/2008 9:21
76,Dixie,Cruz(ID 76),10103,917-586-9422,4797,10/12/2008 11:58
47,Brayan,Owe(ID 47)ns,11239,347-766-3697,4798,10/12/2008 14:02
191,Kai,Spar(ID 191)ks,11211,212-522-5661,4799,10/12/2008 15:09
90,Janiah,Kidd(ID 90),11220,347-346-9229,4800,10/13/2008 11:18
108,Adeline,Dickerson(ID 108),10111,718-703-9796,4801,10/14/2008 8:36
64,Miles,Bur(ID 64)ton,10465,646-336-1902,4802,10/14/2008 11:45
37,Grace,Ro(ID 37)we,10158,646-524-8955,4803,10/15/2008 9:06
166,Rihanna,Guth(ID 166)rie,11204,212-560-3413,4804,10/15/2008 12:41
174,Charles,Mc(ID 174)Coy,11220,347-312-4725,4805,10/16/2008 8:26
150,Kaleigh,Gaine(ID 150)s,11422,718-823-7799,4806,10/16/2008 10:08
19,Salvador,Eme(ID 19)rson,10028,347-276-8948,4807,10/16/2008 16:27
41,Ryleigh,Wi(ID 41)lkins,10302,917-766-5604,4808,10/18/2008 13:37
167,Neveah,Reynolds(ID 167),10019,646-527-1224,4809,10/19/2008 10:19
49,Selina,Nelso(ID 49)n,10035,718-511-4170,4810,10/19/2008 16:30
9,Rigoberto,Mayo(ID 9),11358,212-537-6720,4811,10/20/2008 9:06
115,Mathew,Har(ID 115)rison,11694,646-614-8165,4812,10/20/2008 13:45
91,Pedro,Payne(ID 91),10005,212-498-6862,4813,10/21/2008 16:41
113,Regina,Brewer(ID 113),11209,646-614-1481,4814,10/22/2008 8:19
175,Bridger,Stephenso(ID 175)n,11374,718-792-7253,4815,10/22/2008 9:37
100,Branson,Ingra(ID 100)m,10026,212-780-2467,4816,10/24/2008 9:36
136,Deborah,La(ID 136)mb,10302,718-408-4184,4817,10/24/2008 10:44
72,Deja,Lin(ID 72)dsey,10307,212-411-1820,4818,10/25/2008 8:59
5,Cael,Glo(ID 5)ver,10026,646-623-7673,4819,10/25/2008 9:37
182,Kassidy,Go(ID 182)od,10039,718-660-6567,4820,10/25/2008 14:51
131,Desmond,Knowle(ID 131)s,10122,917-785-7273,4821,10/25/2008 16:43
109,Jordan,Scott(ID 109),10048,917-284-9436,4822,10/26/2008 9:54
127,Alexia,Rasmus(ID 127)sen,11422,718-534-2403,4823,10/26/2008 16:28
155,Leia,Schroeder(ID 155),11362,347-373-6302,4824,10/27/2008 11:56
103,Fabian,Bryan(ID 103),10168,646-523-3121,4825,10/28/2008 8:26
2,Reynaldo,Harri(ID 2)s,11223,646-382-3431,4826,10/28/2008 13:58
49,Selina,Nel(ID 49)son,10035,718-511-4170,4827,10/30/2008 9:59
35,Amari,Par(ID 35)ker,10010,212-525-3571,4828,11/1/2008 9:48
47,Brayan,Owens(ID 47),11239,347-766-3697,4829,11/1/2008 10:44
110,Kade,Ho(ID 110)od,10014,917-336-9522,4830,11/1/2008 13:26
41,Ryleigh,Wilk(ID 41)ins,10302,917-766-5604,4831,11/2/2008 13:59
42,Stanley,Towns(ID 42)end,10314,212-775-3412,4832,11/3/2008 10:05
90,Janiah,Kidd(ID 90),11220,347-346-9229,4833,11/3/2008 14:08
183,Londyn,Bentl(ID 183)ey,10470,917-278-4443,4834,11/5/2008 8:45
167,Neveah,Reynolds(ID 167),10019,646-527-1224,4835,11/5/2008 15:49
116,Dylan,Clar(ID 116)k,10468,646-576-9372,4836,11/6/2008 8:16
163,Donavan,Ingram(ID 163),11224,718-543-2608,4837,11/6/2008 8:39
181,Jakobe,Miller(ID 181),10451,917-728-8534,4838,11/6/2008 11:22
105,Porter,Parks(ID 105),11385,718-483-5325,4839,11/6/2008 12:34
50,Susan,Matt(ID 50)hews,10128,212-748-5980,4840,11/7/2008 12:59
54,Jayson,Bu(ID 54)llock,11210,718-708-3598,4841,11/8/2008 8:44
85,Elianna,Ka(ID 85)ufman,11230,212-832-9113,4842,11/8/2008 10:50
150,Kaleigh,Ga(ID 150)ines,11422,718-823-7799,4843,11/8/2008 12:04
148,Holden,Fow(ID 148)ler,10118,212-722-7454,4844,11/10/2008 10:14
55,Amy,Ja(ID 55)rvis,11375,646-804-4663,4845,11/10/2008 13:21
161,Peyton,Pac(ID 161)e,11216,646-619-7420,4846,11/10/2008 14:25
136,Deborah,Lamb(ID 136),10302,718-408-4184,4847,11/11/2008 10:03
149,Savanah,Fo(ID 149)rbes,10281,917-687-6671,4848,11/11/2008 10:40
41,Ryleigh,Wilki(ID 41)ns,10302,917-766-5604,4849,11/11/2008 14:43
167,Neveah,Reynold(ID 167)s,10019,646-527-1224,4850,11/12/2008 14:55
112,Mekhi,Ram(ID 112)os,11101,646-537-5741,4851,11/13/2008 15:18
94,Beau,Wa(ID 94)re,10013,646-391-9926,4852,11/14/2008 8:32
135,Lena,Rivera(ID 135),11361,212-340-5502,4853,11/14/2008 13:45
57,Lia,Harre(ID 57)ll,10451,347-270-4389,4854,11/14/2008 16:26
131,Desmond,Knowles(ID 131),10122,917-785-7273,4855,11/15/2008 12:57
117,Aliza,Foreman(ID 117),11697,917-380-2950,4856,11/15/2008 15:30
87,Braylon,Spenc(ID 87)e,11241,347-729-6167,4857,11/16/2008 12:07
195,Darius,Travi(ID 195)s,10459,917-444-3708,4858,11/16/2008 13:08
100,Branson,Ingr(ID 100)am,10026,212-780-2467,4859,11/16/2008 15:31
67,Danny,Gr(ID 67)ay,10309,917-280-8507,4860,11/17/2008 8:16
147,Conor,Weis(ID 147)s,11203,347-518-5638,4861,11/17/2008 8:17
192,Jayden,Whitfi(ID 192)eld,10037,347-356-9081,4862,11/18/2008 8:13
37,Grace,Rowe(ID 37),10158,646-524-8955,4863,11/18/2008 12:20
57,Lia,Harr(ID 57)ell,10451,347-270-4389,4864,11/18/2008 16:03
178,Maximilian,Morale(ID 178)s,11217,212-772-6202,4865,11/19/2008 14:02
144,Donna,Galle(ID 144)gos,11421,917-617-3764,4866,11/19/2008 15:09
70,Terrance,Forbe(ID 70)s,10154,347-642-8572,4867,11/19/2008 15:51
105,Porter,Par(ID 105)ks,11385,718-483-5325,4868,11/19/2008 16:01
118,Kenley,Hunt(ID 118),10028,212-705-8822,4869,11/20/2008 9:59
11,Luna,Ma(ID 11)rtinez,10006,718-771-3686,4870,11/20/2008 11:27
42,Stanley,Townsend(ID 42),10314,212-775-3412,4871,11/20/2008 13:46
139,Quinten,Hu(ID 139)bbard,10016,917-687-2256,4872,11/20/2008 16:37
38,Dawson,Rios(ID 38),11362,917-560-5580,4873,11/22/2008 12:27
90,Janiah,Kid(ID 90)d,11220,347-346-9229,4874,11/22/2008 15:11
16,Dayana,Kidd(ID 16),10170,347-385-1742,4875,11/23/2008 14:11
109,Jordan,Scot(ID 109)t,10048,917-284-9436,4876,11/24/2008 11:57
124,Cody,Leach(ID 124),10005,347-570-3346,4877,11/24/2008 12:52
2,Reynaldo,Harris(ID 2),11223,646-382-3431,4878,11/24/2008 14:44
191,Kai,Spa(ID 191)rks,11211,212-522-5661,4879,11/24/2008 15:38
108,Adeline,Dickers(ID 108)on,10111,718-703-9796,4880,11/24/2008 16:33
182,Kassidy,Go(ID 182)od,10039,718-660-6567,4881,11/25/2008 11:04
123,Moses,Ingram(ID 123),10015,917-682-3372,4882,11/25/2008 15:08
102,Anabelle,Wilso(ID 102)n,11211,917-728-8694,4883,11/26/2008 14:06
83,Kamryn,Hopp(ID 83)er,11418,917-350-9472,4884,11/27/2008 10:07
10,Aliya,Hoffman(ID 10),11366,917-613-6421,4885,11/27/2008 11:38
8,Darren,Bu(ID 8)rns,10120,212-220-3311,4886,11/27/2008 12:25
152,Elianna,Medi(ID 152)na,10308,646-819-2778,4887,11/28/2008 11:21
48,Jaylen,Smi(ID 48)th,10464,212-432-9911,4888,11/28/2008 12:49
148,Holden,Fowl(ID 148)er,10118,212-722-7454,4889,11/30/2008 9:17
20,Reed,Flo(ID 20)wers,10168,646-547-6398,4890,11/30/2008 12:15
109,Jordan,Sco(ID 109)tt,10048,917-284-9436,4891,12/1/2008 15:09
16,Dayana,Kidd(ID 16),10170,347-385-1742,4892,12/3/2008 9:43
139,Quinten,Hub(ID 139)bard,10016,917-687-2256,4893,12/3/2008 11:45
90,Janiah,Ki(ID 90)dd,11220,347-346-9229,4894,12/3/2008 12:57
145,Giuliana,Miles(ID 145),11373,917-657-9916,4895,12/3/2008 16:40
59,Desiree,Melton(ID 59),11432,646-270-2996,4896,12/5/2008 14:01
153,Leland,Hunte(ID 153)r,11109,212-793-5299,4897,12/6/2008 14:47
1,Jaylen,Chr(ID 1)istensen,10006,646-376-4466,4898,12/6/2008 15:50
107,Elliana,Pratt(ID 107),10174,917-830-8782,4899,12/7/2008 16:26
139,Quinten,Hubb(ID 139)ard,10016,917-687-2256,4900,12/9/2008 14:31
115,Mathew,Harr(ID 115)ison,11694,646-614-8165,4901,12/10/2008 8:59
67,Danny,Gra(ID 67)y,10309,917-280-8507,4902,12/10/2008 11:31
136,Deborah,La(ID 136)mb,10302,718-408-4184,4903,12/11/2008 15:58
145,Giuliana,Mi(ID 145)les,11373,917-657-9916,4904,12/12/2008 11:28
33,Presley,Padil(ID 33)la,11357,646-358-6884,4905,12/13/2008 11:16
183,Londyn,Ben(ID 183)tley,10470,917-278-4443,4906,12/13/2008 11:36
135,Lena,Riv(ID 135)era,11361,212-340-5502,4907,12/15/2008 14:02
106,Briley,Estra(ID 106)da,11360,646-234-2097,4908,12/15/2008 16:10
4,Lia,Shor(ID 4)t,11230,718-664-9574,4909,12/15/2008 16:33
121,Jazmyn,Liv(ID 121)ingston,11414,917-364-9971,4910,12/16/2008 9:41
133,Katherine,Turn(ID 133)er,11216,347-589-7132,4911,12/16/2008 11:37
106,Briley,Estrad(ID 106)a,11360,646-234-2097,4912,12/16/2008 16:34
97,Reina,Hest(ID 97)er,11435,917-817-8225,4913,12/17/2008 13:21
28,Tristin,Bar(ID 28)ron,10467,212-510-3235,4914,12/17/2008 14:38
168,Kierra,Holme(ID 168)s,11101,718-451-2157,4915,12/17/2008 15:32
56,Immanuel,Joyce(ID 56),11234,212-671-1389,4916,12/17/2008 15:43
3,Yandel,Frankl(ID 3)in,10099,718-510-6575,4917,12/18/2008 15:36
129,Deven,Grah(ID 129)am,11693,646-246-7524,4918,12/19/2008 9:08
117,Aliza,Forema(ID 117)n,11697,917-380-2950,4919,12/19/2008 9:20
105,Porter,Par(ID 105)ks,11385,718-483-5325,4920,12/19/2008 12:17
63,Quentin,Randolph(ID 63),11207,347-625-6847,4921,12/20/2008 8:57
63,Quentin,Rando(ID 63)lph,11207,347-625-6847,4922,12/20/2008 14:41
30,Alexus,Crosb(ID 30)y,10473,646-223-6544,4923,12/20/2008 16:33
66,Yaritza,Andre(ID 66)ws,11234,718-746-4988,4924,12/21/2008 11:06
69,Sarah,Vel(ID 69)azquez,11417,917-811-9147,4925,12/23/2008 10:20
105,Porter,Par(ID 105)ks,11385,718-483-5325,4926,12/23/2008 15:01
78,Octavio,Whitehea(ID 78)d,11218,212-423-2062,4927,12/24/2008 8:27
119,Tatiana,Da(ID 119)vidson,10451,718-457-2953,4928,12/24/2008 12:09
111,Belen,Hess(ID 111),11237,917-302-6036,4929,12/24/2008 13:10
39,Damaris,Crosb(ID 39)y,11436,646-662-5349,4930,12/25/2008 13:12
84,Makhi,Ro(ID 84)bles,10451,917-612-4762,4931,12/26/2008 10:28
194,Kymani,Beck(ID 194),10463,718-351-9427,4932,12/26/2008 11:40
151,Kaiya,Hull(ID 151),10457,347-829-1136,4933,12/27/2008 16:18
61,Rylie,Aya(ID 61)la,10167,917-745-5684,4934,12/28/2008 12:10
135,Lena,River(ID 135)a,11361,212-340-5502,4935,12/28/2008 13:16
87,Braylon,Spence(ID 87),11241,347-729-6167,4936,12/28/2008 14:33
163,Donavan,Ing(ID 163)ram,11224,718-543-2608,4937,12/29/2008 12:17
166,Rihanna,Gut(ID 166)hrie,11204,212-560-3413,4938,12/29/2008 13:31
73,Colby,At(ID 73)kinson,10007,646-772-2257,4939,12/30/2008 9:19
175,Bridger,Steph(ID 175)enson,11374,718-792-7253,4940,12/30/2008 13:42
74,Zackary,Gi(ID 74)lliam,10279,917-593-3931,4941,12/31/2008 9:12
52,Jaycee,En(ID 52)gland,10014,347-368-1526,4942,12/31/2008 12:41
115,Mathew,Har(ID 115)rison,11694,646-614-8165,4943,1/1/2009 9:27
19,Salvador,Em(ID 19)erson,10028,347-276-8948,4944,1/1/2009 12:23
126,Serena,Peters(ID 126),11363,718-380-2477,4945,1/2/2009 9:20
35,Amari,Parke(ID 35)r,10010,212-525-3571,4946,1/2/2009 12:36
73,Colby,Atkinson(ID 73),10007,646-772-2257,4947,1/3/2009 11:24
108,Adeline,Dickerson(ID 108),10111,718-703-9796,4948,1/4/2009 13:08
35,Amari,Park(ID 35)er,10010,212-525-3571,4949,1/4/2009 16:23
109,Jordan,Scot(ID 109)t,10048,917-284-9436,4950,1/6/2009 14:26
161,Peyton,Pac(ID 161)e,11216,646-619-7420,4951,1/7/2009 8:14
108,Adeline,Dick(ID 108)erson,10111,718-703-9796,4952,1/7/2009 11:12
62,Ansley,Hens(ID 62)on,10173,917-353-7715,4953,1/7/2009 15:33
174,Charles,McCoy(ID 174),11220,347-312-4725,4954,1/7/2009 16:45
55,Amy,Jarvis(ID 55),11375,646-804-4663,4955,1/8/2009 10:45
117,Aliza,Forema(ID 117)n,11697,917-380-2950,4956,1/8/2009 12:01
154,Landyn,Pi(ID 154)tts,10166,347-320-2243,4957,1/9/2009 10:07
49,Selina,Nel(ID 49)son,10035,718-511-4170,4958,1/9/2009 10:57
174,Charles,McC(ID 174)oy,11220,347-312-4725,4959,1/9/2009 14:28
177,Aaliyah,St(ID 177)ephenson,10169,646-354-5674,4960,1/10/2009 9:46
84,Makhi,Rob(ID 84)les,10451,917-612-4762,4961,1/11/2009 9:17
125,Lacey,Spencer(ID 125),11411,917-605-3899,4962,1/11/2009 12:06
1,Jaylen,Christens(ID 1)en,10006,646-376-4466,4963,1/11/2009 15:20
170,Skylar,Whitfie(ID 170)ld,10469,212-827-7355,4964,1/13/2009 8:02
142,Harrison,Du(ID 142)ke,10112,718-245-5292,4965,1/13/2009 11:52
31,Jazmin,Sc(ID 31)hmidt,11237,718-294-7531,4966,1/14/2009 9:05
47,Brayan,Owen(ID 47)s,11239,347-766-3697,4967,1/15/2009 9:08
183,Londyn,Ben(ID 183)tley,10470,917-278-4443,4968,1/15/2009 16:22
41,Ryleigh,Wilk(ID 41)ins,10302,917-766-5604,4969,1/15/2009 16:40
50,Susan,Matth(ID 50)ews,10128,212-748-5980,4970,1/17/2009 10:24
67,Danny,Gra(ID 67)y,10309,917-280-8507,4971,1/17/2009 12:36
149,Savanah,For(ID 149)bes,10281,917-687-6671,4972,1/18/2009 8:21
170,Skylar,Whitf(ID 170)ield,10469,212-827-7355,4973,1/18/2009 9:10
48,Jaylen,Smit(ID 48)h,10464,212-432-9911,4974,1/18/2009 13:11
140,Skylar,Buc(ID 140)k,10162,212-592-7909,4975,1/19/2009 8:11
44,Ciara,Nune(ID 44)z,10010,917-738-7813,4976,1/19/2009 8:53
90,Janiah,Kidd(ID 90),11220,347-346-9229,4977,1/20/2009 15:56
99,Kyla,Sha(ID 99)nnon,11368,646-352-2431,4978,1/20/2009 16:50
53,Eve,Lin(ID 53)dsey,11372,917-719-1929,4979,1/21/2009 14:27
97,Reina,Hest(ID 97)er,11435,917-817-8225,4980,1/22/2009 10:46
158,Alessandro,Ca(ID 158)sey,11209,917-647-6620,4981,1/22/2009 11:41
185,Malia,Bridge(ID 185)s,10128,917-338-2937,4982,1/22/2009 14:17
119,Tatiana,Davidson(ID 119),10451,718-457-2953,4983,1/22/2009 14:51
140,Skylar,Buc(ID 140)k,10162,212-592-7909,4984,1/22/2009 15:30
111,Belen,Hess(ID 111),11237,917-302-6036,4985,1/23/2009 14:42
186,Quintin,McConnel(ID 186)l,11413,917-363-2471,4986,1/26/2009 10:35
42,Stanley,To(ID 42)wnsend,10314,212-775-3412,4987,1/27/2009 12:42
2,Reynaldo,Harri(ID 2)s,11223,646-382-3431,4988,1/28/2009 8:39
37,Grace,Ro(ID 37)we,10158,646-524-8955,4989,1/29/2009 12:19
85,Elianna,Kauf(ID 85)man,11230,212-832-9113,4990,1/29/2009 12:33
70,Terrance,For(ID 70)bes,10154,347-642-8572,4991,1/29/2009 16:09
17,Gemma,Donovan(ID 17),10069,646-768-1792,4992,1/29/2009 16:14
139,Quinten,Hubbar(ID 139)d,10016,917-687-2256,4993,1/30/2009 8:50
134,Karli,Henson(ID 134),11356,917-716-1314,4994,1/30/2009 10:47
84,Makhi,Rob(ID 84)les,10451,917-612-4762,4995,1/31/2009 15:36
169,Eduardo,Jimen(ID 169)ez,10453,646-595-2549,4996,1/31/2009 16:37
192,Jayden,Whi(ID 192)tfield,10037,347-356-9081,4997,2/2/2009 10:07
49,Selina,Nelso(ID 49)n,10035,718-511-4170,4998,2/2/2009 12:19
33,Presley,Pa(ID 33)dilla,11357,646-358-6884,4999,2/2/2009 13:20
25,Khalil,Medina(ID 25),11419,917-361-9803,5000,2/3/2009 13:58
190,Kaylee,Ric(ID 190)hmond,11224,646-799-3731,5001,2/3/2009 15:02
139,Quinten,Hubbard(ID 139),10016,917-687-2256,5002,2/4/2009 12:14
48,Jaylen,Sm(ID 48)ith,10464,212-432-9911,5003,2/4/2009 14:03
62,Ansley,Henso(ID 62)n,10173,917-353-7715,5004,2/5/2009 8:43
90,Janiah,Ki(ID 90)dd,11220,347-346-9229,5005,2/6/2009 8:26
52,Jaycee,Engl(ID 52)and,10014,347-368-1526,5006,2/7/2009 14:07
128,Conner,Hint(ID 128)on,11204,646-775-3686,5007,2/7/2009 16:05
194,Kymani,Bec(ID 194)k,10463,718-351-9427,5008,2/9/2009 8:38
131,Desmond,Know(ID 131)les,10122,917-785-7273,5009,2/10/2009 8:14
160,Raegan,Cantrel(ID 160)l,10280,646-813-3328,5010,2/10/2009 10:45
149,Savanah,Forbe(ID 149)s,10281,917-687-6671,5011,2/10/2009 11:35
62,Ansley,Henso(ID 62)n,10173,917-353-7715,5012,2/10/2009 12:04
11,Luna,Martinez(ID 11),10006,718-771-3686,5013,2/10/2009 13:54
52,Jaycee,Eng(ID 52)land,10014,347-368-1526,5014,2/10/2009 15:00
119,Tatiana,David(ID 119)son,10451,718-457-2953,5015,2/11/2009 13:14
153,Leland,Hun(ID 153)ter,11109,212-793-5299,5016,2/12/2009 8:26
74,Zackary,Gill(ID 74)iam,10279,917-593-3931,5017,2/12/2009 8:46
124,Cody,Leach(ID 124),10005,347-570-3346,5018,2/12/2009 12:34
64,Miles,Burton(ID 64),10465,646-336-1902,5019,2/12/2009 15:45
87,Braylon,Spence(ID 87),11241,347-729-6167,5020,2/13/2009 11:23
170,Skylar,Whitfi(ID 170)eld,10469,212-827-7355,5021,2/14/2009 8:59
171,Savanah,Fe(ID 171)rnandez,11379,212-358-3769,5022,2/15/2009 8:11
124,Cody,Leac(ID 124)h,10005,347-570-3346,5023,2/15/2009 13:40
14,Jeramiah,Po(ID 14)tts,11221,646-228-5446,5024,2/15/2009 15:51
10,Aliya,Hof(ID 10)fman,11366,917-613-6421,5025,2/16/2009 8:53
37,Grace,Ro(ID 37)we,10158,646-524-8955,5026,2/16/2009 12:56
101,Anabella,Nixon(ID 101),11249,212-523-6502,5027,2/16/2009 12:56
156,Jacoby,Cook(ID 156),10045,917-808-6186,5028,2/19/2009 8:14
195,Darius,Tr(ID 195)avis,10459,917-444-3708,5029,2/19/2009 11:39
89,Irvin,Hin(ID 89)ton,11363,212-335-8571,5030,2/19/2009 11:56
46,Maurice,Tran(ID 46),10471,212-470-2697,5031,2/19/2009 13:31
145,Giuliana,Miles(ID 145),11373,917-657-9916,5032,2/19/2009 15:27
177,Aaliyah,Stephens(ID 177)on,10169,646-354-5674,5033,2/19/2009 16:36
52,Jaycee,Engl(ID 52)and,10014,347-368-1526,5034,2/20/2009 9:21
80,Nelson,Fl(ID 80)ynn,11109,646-725-6832,5035,2/20/2009 9:27
7,Jaqueline,Ewi(ID 7)ng,10106,347-409-5439,5036,2/20/2009 10:49
68,Autumn,Burn(ID 68)ett,11366,917-355-7377,5037,2/20/2009 13:10
115,Mathew,Harriso(ID 115)n,11694,646-614-8165,5038,2/21/2009 8:45
148,Holden,Fo(ID 148)wler,10118,212-722-7454,5039,2/21/2009 12:34
33,Presley,Padi(ID 33)lla,11357,646-358-6884,5040,2/22/2009 8:22
106,Briley,Es(ID 106)trada,11360,646-234-2097,5041,2/22/2009 8:56
19,Salvador,Emerso(ID 19)n,10028,347-276-8948,5042,2/22/2009 10:05
108,Adeline,Dicke(ID 108)rson,10111,718-703-9796,5043,2/23/2009 9:02
87,Braylon,Spence(ID 87),11241,347-729-6167,5044,2/23/2009 15:53
163,Donavan,Ingram(ID 163),11224,718-543-2608,5045,2/24/2009 9:34
105,Porter,Pa(ID 105)rks,11385,718-483-5325,5046,2/24/2009 16:01
5,Cael,Glove(ID 5)r,10026,646-623-7673,5047,2/25/2009 10:20
37,Grace,Rowe(ID 37),10158,646-524-8955,5048,2/27/2009 15:15
55,Amy,Jarv(ID 55)is,11375,646-804-4663,5049,2/27/2009 16:22
31,Jazmin,Schmi(ID 31)dt,11237,718-294-7531,5050,2/27/2009 16:26
133,Katherine,Turne(ID 133)r,11216,347-589-7132,5051,2/28/2009 8:55
76,Dixie,Cr(ID 76)uz,10103,917-586-9422,5052,2/28/2009 15:48
113,Regina,Brewer(ID 113),11209,646-614-1481,5053,3/1/2009 10:14
144,Donna,Gallego(ID 144)s,11421,917-617-3764,5054,3/2/2009 10:15
160,Raegan,Cantr(ID 160)ell,10280,646-813-3328,5055,3/2/2009 10:20
154,Landyn,Pitts(ID 154),10166,347-320-2243,5056,3/2/2009 16:24
167,Neveah,Reynold(ID 167)s,10019,646-527-1224,5057,3/3/2009 10:44
88,Alfonso,Gilbert(ID 88),11225,347-656-8233,5058,3/3/2009 11:23
11,Luna,Martine(ID 11)z,10006,718-771-3686,5059,3/4/2009 15:03
146,Brett,Wilki(ID 146)nson,10303,347-524-8554,5060,3/4/2009 15:18
176,Alison,May(ID 176)s,10165,917-265-9366,5061,3/4/2009 15:44
101,Anabella,Ni(ID 101)xon,11249,212-523-6502,5062,3/7/2009 9:49
124,Cody,Lea(ID 124)ch,10005,347-570-3346,5063,3/7/2009 10:23
95,Matthias,Cle(ID 95)mons,11411,347-329-7260,5064,3/7/2009 13:22
85,Elianna,Ka(ID 85)ufman,11230,212-832-9113,5065,3/7/2009 13:55
70,Terrance,For(ID 70)bes,10154,347-642-8572,5066,3/7/2009 14:17
160,Raegan,Cant(ID 160)rell,10280,646-813-3328,5067,3/7/2009 14:45
117,Aliza,Forema(ID 117)n,11697,917-380-2950,5068,3/9/2009 9:13
57,Lia,Harrell(ID 57),10451,347-270-4389,5069,3/10/2009 12:01
39,Damaris,Cr(ID 39)osby,11436,646-662-5349,5070,3/11/2009 12:45
120,Kiana,Maddox(ID 120),11428,347-248-5713,5071,3/11/2009 13:46
175,Bridger,Ste(ID 175)phenson,11374,718-792-7253,5072,3/12/2009 8:10
18,Jack,Bru(ID 18)ce,11218,646-522-7235,5073,3/12/2009 9:51
12,Angelique,Oliver(ID 12),11413,917-252-3830,5074,3/12/2009 12:18
37,Grace,Row(ID 37)e,10158,646-524-8955,5075,3/13/2009 9:43
151,Kaiya,Hull(ID 151),10457,347-829-1136,5076,3/13/2009 10:06
98,Brenden,Ra(ID 98)smussen,10015,646-812-7298,5077,3/13/2009 10:20
54,Jayson,Bullo(ID 54)ck,11210,718-708-3598,5078,3/13/2009 15:49
37,Grace,Ro(ID 37)we,10158,646-524-8955,5079,3/14/2009 15:27
124,Cody,Leac(ID 124)h,10005,347-570-3346,5080,3/15/2009 8:02
108,Adeline,Dicker(ID 108)son,10111,718-703-9796,5081,3/17/2009 9:25
1,Jaylen,Chr(ID 1)istensen,10006,646-376-4466,5082,3/17/2009 11:13
46,Maurice,Tran(ID 46),10471,212-470-2697,5083,3/18/2009 10:19
83,Kamryn,Hoppe(ID 83)r,11418,917-350-9472,5084,3/18/2009 11:31
87,Braylon,Spe(ID 87)nce,11241,347-729-6167,5085,3/19/2009 14:11
68,Autumn,Bur(ID 68)nett,11366,917-355-7377,5086,3/20/2009 11:24
53,Eve,Lin(ID 53)dsey,11372,917-719-1929,5087,3/21/2009 14:49
167,Neveah,Re(ID 167)ynolds,10019,646-527-1224,5088,3/22/2009 9:21
83,Kamryn,Hopp(ID 83)er,11418,917-350-9472,5089,3/22/2009 12:06
41,Ryleigh,Wilkins(ID 41),10302,917-766-5604,5090,3/22/2009 15:47
156,Jacoby,Co(ID 156)ok,10045,917-808-6186,5091,3/22/2009 16:15
4,Lia,Sh(ID 4)ort,11230,718-664-9574,5092,3/23/2009 9:54
97,Reina,He(ID 97)ster,11435,917-817-8225,5093,3/23/2009 16:46
25,Khalil,Me(ID 25)dina,11419,917-361-9803,5094,3/24/2009 8:53
154,Landyn,Pi(ID 154)tts,10166,347-320-2243,5095,3/24/2009 9:03
91,Pedro,Pa(ID 91)yne,10005,212-498-6862,5096,3/24/2009 12:20
95,Matthias,Cle(ID 95)mons,11411,347-329-7260,5097,3/24/2009 13:10
121,Jazmyn,Livin(ID 121)gston,11414,917-364-9971,5098,3/24/2009 13:17
194,Kymani,Beck(ID 194),10463,718-351-9427,5099,3/24/2009 14:44
85,Elianna,Kauf(ID 85)man,11230,212-832-9113,5100,3/25/2009 9:45
89,Irvin,Hi(ID 89)nton,11363,212-335-8571,5101,3/25/2009 12:51
176,Alison,Mays(ID 176),10165,917-265-9366,5102,3/26/2009 10:43
80,Nelson,Fl(ID 80)ynn,11109,646-725-6832,5103,3/26/2009 15:45
126,Serena,Pet(ID 126)ers,11363,718-380-2477,5104,3/26/2009 16:16
76,Dixie,Cruz(ID 76),10103,917-586-9422,5105,3/27/2009 12:47
46,Maurice,Tr(ID 46)an,10471,212-470-2697,5106,3/27/2009 13:00
65,Isaias,Moon(ID 65),10471,212-716-6333,5107,3/27/2009 13:49
5,Cael,Glov(ID 5)er,10026,646-623-7673,5108,3/28/2009 11:50
178,Maximilian,Mora(ID 178)les,11217,212-772-6202,5109,3/28/2009 14:55
93,Vance,Wil(ID 93)cox,10466,347-314-5165,5110,3/29/2009 11:03
116,Dylan,Cla(ID 116)rk,10468,646-576-9372,5111,3/30/2009 11:46
74,Zackary,Gill(ID 74)iam,10279,917-593-3931,5112,3/31/2009 8:56
35,Amari,Pa(ID 35)rker,10010,212-525-3571,5113,3/31/2009 16:24
12,Angelique,Ol(ID 12)iver,11413,917-252-3830,5114,3/31/2009 16:36
191,Kai,Spa(ID 191)rks,11211,212-522-5661,5115,4/1/2009 8:46
158,Alessandro,Ca(ID 158)sey,11209,917-647-6620,5116,4/1/2009 9:43
27,Aaden,Lowe(ID 27),11233,212-683-8794,5117,4/1/2009 13:49
6,Patrick,Hod(ID 6)ge,11222,917-284-5780,5118,4/4/2009 12:51
169,Eduardo,Ji(ID 169)menez,10453,646-595-2549,5119,4/4/2009 13:15
72,Deja,Lindse(ID 72)y,10307,212-411-1820,5120,4/4/2009 13:24
157,Valentino,Fo(ID 157)rd,11208,212-745-3651,5121,4/4/2009 16:30
140,Skylar,Bu(ID 140)ck,10162,212-592-7909,5122,4/5/2009 13:12
36,Kendrick,Fl(ID 36)oyd,11434,917-650-7989,5123,4/6/2009 9:08
11,Luna,Mar(ID 11)tinez,10006,718-771-3686,5124,4/6/2009 10:45
119,Tatiana,Dav(ID 119)idson,10451,718-457-2953,5125,4/6/2009 11:10
64,Miles,Bu(ID 64)rton,10465,646-336-1902,5126,4/6/2009 13:31
122,Ismael,Washington(ID 122),10041,212-439-5421,5127,4/6/2009 13:48
56,Immanuel,Joyce(ID 56),11234,212-671-1389,5128,4/6/2009 16:01
113,Regina,Brewe(ID 113)r,11209,646-614-1481,5129,4/7/2009 15:54
88,Alfonso,Gilbe(ID 88)rt,11225,347-656-8233,5130,4/7/2009 16:16
42,Stanley,Townse(ID 42)nd,10314,212-775-3412,5131,4/8/2009 10:23
31,Jazmin,Sch(ID 31)midt,11237,718-294-7531,5132,4/8/2009 11:05
9,Rigoberto,Mayo(ID 9),11358,212-537-6720,5133,4/9/2009 12:19
40,King,Rose(ID 40),11367,347-823-6645,5134,4/9/2009 13:40
106,Briley,Estrad(ID 106)a,11360,646-234-2097,5135,4/12/2009 10:57
152,Elianna,Me(ID 152)dina,10308,646-819-2778,5136,4/14/2009 9:39
165,Cannon,Berg(ID 165),11420,646-605-8063,5137,4/14/2009 14:59
168,Kierra,Holm(ID 168)es,11101,718-451-2157,5138,4/14/2009 16:14
160,Raegan,Cantrell(ID 160),10280,646-813-3328,5139,4/14/2009 16:43
18,Jack,Bruc(ID 18)e,11218,646-522-7235,5140,4/15/2009 8:04
66,Yaritza,Andrew(ID 66)s,11234,718-746-4988,5141,4/15/2009 10:05
119,Tatiana,Davids(ID 119)on,10451,718-457-2953,5142,4/16/2009 12:30
2,Reynaldo,Har(ID 2)ris,11223,646-382-3431,5143,4/16/2009 15:58
17,Gemma,Donov(ID 17)an,10069,646-768-1792,5144,4/17/2009 8:37
42,Stanley,Townsen(ID 42)d,10314,212-775-3412,5145,4/18/2009 9:00
160,Raegan,Can(ID 160)trell,10280,646-813-3328,5146,4/19/2009 10:09
131,Desmond,Kno(ID 131)wles,10122,917-785-7273,5147,4/19/2009 10:25
143,Jasiah,Kirkla(ID 143)nd,10468,347-479-2352,5148,4/19/2009 12:31
117,Aliza,For(ID 117)eman,11697,917-380-2950,5149,4/19/2009 14:25
172,Fernando,Ros(ID 172)a,10031,917-669-3112,5150,4/19/2009 16:50
188,Makenna,Jos(ID 188)eph,10172,212-533-9260,5151,4/20/2009 8:05
22,Hadassah,Abbot(ID 22)t,11377,917-823-9292,5152,4/20/2009 11:54
12,Angelique,Ol(ID 12)iver,11413,917-252-3830,5153,4/20/2009 16:18
68,Autumn,Burn(ID 68)ett,11366,917-355-7377,5154,4/21/2009 13:23
105,Porter,Park(ID 105)s,11385,718-483-5325,5155,4/21/2009 13:53
156,Jacoby,Cook(ID 156),10045,917-808-6186,5156,4/21/2009 16:43
62,Ansley,Henson(ID 62),10173,917-353-7715,5157,4/23/2009 11:43
48,Jaylen,Smi(ID 48)th,10464,212-432-9911,5158,4/23/2009 12:36
18,Jack,Bru(ID 18)ce,11218,646-522-7235,5159,4/24/2009 8:08
133,Katherine,Tur(ID 133)ner,11216,347-589-7132,5160,4/24/2009 14:57
156,Jacoby,Co(ID 156)ok,10045,917-808-6186,5161,4/24/2009 16:59
5,Cael,Glov(ID 5)er,10026,646-623-7673,5162,4/25/2009 10:52
75,Remington,Farrel(ID 75)l,11693,917-843-4608,5163,4/26/2009 10:24
187,Krista,Emers(ID 187)on,11217,917-631-6768,5164,4/26/2009 13:06
149,Savanah,Fo(ID 149)rbes,10281,917-687-6671,5165,4/27/2009 16:51
126,Serena,Pe(ID 126)ters,11363,718-380-2477,5166,4/28/2009 8:17
13,Melvin,Buckner(ID 13),10304,212-836-6512,5167,4/28/2009 9:19
83,Kamryn,Hop(ID 83)per,11418,917-350-9472,5168,4/28/2009 10:11
110,Kade,Ho(ID 110)od,10014,917-336-9522,5169,4/28/2009 12:01
111,Belen,He(ID 111)ss,11237,917-302-6036,5170,4/28/2009 16:50
127,Alexia,Rasm(ID 127)ussen,11422,718-534-2403,5171,4/29/2009 13:38
170,Skylar,Whitfie(ID 170)ld,10469,212-827-7355,5172,4/30/2009 15:35
153,Leland,Hunter(ID 153),11109,212-793-5299,5173,4/30/2009 16:50
50,Susan,Ma(ID 50)tthews,10128,212-748-5980,5174,5/1/2009 9:33
70,Terrance,For(ID 70)bes,10154,347-642-8572,5175,5/1/2009 11:35
132,Jayda,Craw(ID 132)ford,11105,718-658-3906,5176,5/1/2009 13:20
35,Amari,Parker(ID 35),10010,212-525-3571,5177,5/1/2009 14:32
174,Charles,McCoy(ID 174),11220,347-312-4725,5178,5/1/2009 15:04
42,Stanley,Town(ID 42)send,10314,212-775-3412,5179,5/2/2009 11:14
119,Tatiana,Davidson(ID 119),10451,718-457-2953,5180,5/3/2009 9:32
137,Amya,Walto(ID 137)n,11422,347-350-9310,5181,5/3/2009 10:51
99,Kyla,Shanno(ID 99)n,11368,646-352-2431,5182,5/3/2009 10:59
20,Reed,Flow(ID 20)ers,10168,646-547-6398,5183,5/3/2009 14:44
63,Quentin,Randol(ID 63)ph,11207,347-625-6847,5184,5/3/2009 16:24
2,Reynaldo,Harri(ID 2)s,11223,646-382-3431,5185,5/4/2009 8:36
162,Stella,Leo(ID 162)n,10161,646-404-6826,5186,5/4/2009 13:03
121,Jazmyn,Livingston(ID 121),11414,917-364-9971,5187,5/4/2009 13:29
178,Maximilian,Mo(ID 178)rales,11217,212-772-6202,5188,5/4/2009 13:53
30,Alexus,Cr(ID 30)osby,10473,646-223-6544,5189,5/5/2009 9:22
67,Danny,Gra(ID 67)y,10309,917-280-8507,5190,5/5/2009 15:08
14,Jeramiah,Pot(ID 14)ts,11221,646-228-5446,5191,5/5/2009 16:55
113,Regina,Brewe(ID 113)r,11209,646-614-1481,5192,5/6/2009 11:39
83,Kamryn,Hopp(ID 83)er,11418,917-350-9472,5193,5/6/2009 13:01
124,Cody,Lea(ID 124)ch,10005,347-570-3346,5194,5/7/2009 12:57
186,Quintin,McCon(ID 186)nell,11413,917-363-2471,5195,5/7/2009 13:52
184,Hallie,Casey(ID 184),10107,646-463-4607,5196,5/8/2009 13:07
143,Jasiah,Kirkla(ID 143)nd,10468,347-479-2352,5197,5/8/2009 16:13
187,Krista,Emerso(ID 187)n,11217,917-631-6768,5198,5/9/2009 8:01
182,Kassidy,Good(ID 182),10039,718-660-6567,5199,5/9/2009 14:39
85,Elianna,Ka(ID 85)ufman,11230,212-832-9113,5200,5/10/2009 8:51
100,Branson,In(ID 100)gram,10026,212-780-2467,5201,5/10/2009 13:22
51,Derek,Oli(ID 51)ver,11362,347-716-1227,5202,5/10/2009 13:48
136,Deborah,Lam(ID 136)b,10302,718-408-4184,5203,5/11/2009 8:54
176,Alison,Mays(ID 176),10165,917-265-9366,5204,5/11/2009 14:17
81,Aileen,Joh(ID 81)nson,11210,917-426-2147,5205,5/12/2009 11:20
60,Evie,Beasley(ID 60),11360,347-379-6271,5206,5/12/2009 14:49
144,Donna,Gallego(ID 144)s,11421,917-617-3764,5207,5/12/2009 16:50
134,Karli,Hen(ID 134)son,11356,917-716-1314,5208,5/13/2009 8:43
128,Conner,Hin(ID 128)ton,11204,646-775-3686,5209,5/13/2009 11:20
67,Danny,Gray(ID 67),10309,917-280-8507,5210,5/13/2009 15:31
153,Leland,Hunte(ID 153)r,11109,212-793-5299,5211,5/14/2009 14:20
61,Rylie,Aya(ID 61)la,10167,917-745-5684,5212,5/15/2009 12:34
54,Jayson,Bullo(ID 54)ck,11210,718-708-3598,5213,5/15/2009 16:11
167,Neveah,Reynold(ID 167)s,10019,646-527-1224,5214,5/15/2009 16:20
178,Maximilian,Morale(ID 178)s,11217,212-772-6202,5215,5/16/2009 10:51
16,Dayana,Kidd(ID 16),10170,347-385-1742,5216,5/16/2009 11:03
146,Brett,Wilkin(ID 146)son,10303,347-524-8554,5217,5/17/2009 9:45
158,Alessandro,Ca(ID 158)sey,11209,917-647-6620,5218,5/18/2009 13:19
56,Immanuel,Joyc(ID 56)e,11234,212-671-1389,5219,5/18/2009 13:53
179,Carleigh,Mannin(ID 179)g,10021,646-573-3267,5220,5/18/2009 15:03
22,Hadassah,Abbot(ID 22)t,11377,917-823-9292,5221,5/19/2009 9:33
2,Reynaldo,Har(ID 2)ris,11223,646-382-3431,5222,5/19/2009 15:14
144,Donna,Gallegos(ID 144),11421,917-617-3764,5223,5/21/2009 8:12
168,Kierra,Hol(ID 168)mes,11101,718-451-2157,5224,5/21/2009 16:43
1,Jaylen,Chri(ID 1)stensen,10006,646-376-4466,5225,5/22/2009 14:58
127,Alexia,Rasm(ID 127)ussen,11422,718-534-2403,5226,5/23/2009 14:04
110,Kade,Ho(ID 110)od,10014,917-336-9522,5227,5/25/2009 9:39
175,Bridger,Stephen(ID 175)son,11374,718-792-7253,5228,5/25/2009 14:23
27,Aaden,Low(ID 27)e,11233,212-683-8794,5229,5/25/2009 16:39
98,Brenden,Rasmuss(ID 98)en,10015,646-812-7298,5230,5/26/2009 11:50
100,Branson,Ingr(ID 100)am,10026,212-780-2467,5231,5/26/2009 15:25
51,Derek,Oli(ID 51)ver,11362,347-716-1227,5232,5/27/2009 8:14
158,Alessandro,Cas(ID 158)ey,11209,917-647-6620,5233,5/27/2009 9:46
70,Terrance,For(ID 70)bes,10154,347-642-8572,5234,5/27/2009 15:04
25,Khalil,Medina(ID 25),11419,917-361-9803,5235,5/28/2009 15:59
113,Regina,Brewe(ID 113)r,11209,646-614-1481,5236,5/29/2009 12:43
51,Derek,Oli(ID 51)ver,11362,347-716-1227,5237,5/29/2009 15:48
74,Zackary,Gilliam(ID 74),10279,917-593-3931,5238,5/29/2009 15:49
48,Jaylen,Smith(ID 48),10464,212-432-9911,5239,5/30/2009 9:02
94,Beau,Ware(ID 94),10013,646-391-9926,5240,5/30/2009 9:24
47,Brayan,Owe(ID 47)ns,11239,347-766-3697,5241,5/30/2009 12:54
49,Selina,Nels(ID 49)on,10035,718-511-4170,5242,5/30/2009 15:41
30,Alexus,Cro(ID 30)sby,10473,646-223-6544,5243,5/30/2009 16:26
52,Jaycee,England(ID 52),10014,347-368-1526,5244,5/31/2009 16:19
140,Skylar,Bu(ID 140)ck,10162,212-592-7909,5245,6/1/2009 10:19
190,Kaylee,Richmon(ID 190)d,11224,646-799-3731,5246,6/2/2009 11:06
136,Deborah,La(ID 136)mb,10302,718-408-4184,5247,6/2/2009 16:44
49,Selina,Ne(ID 49)lson,10035,718-511-4170,5248,6/3/2009 10:09
159,Mireya,Wooda(ID 159)rd,10110,718-496-7026,5249,6/3/2009 12:39
162,Stella,Le(ID 162)on,10161,646-404-6826,5250,6/3/2009 15:30
165,Cannon,Berg(ID 165),11420,646-605-8063,5251,6/4/2009 10:47
67,Danny,Gra(ID 67)y,10309,917-280-8507,5252,6/4/2009 14:24
64,Miles,Bur(ID 64)ton,10465,646-336-1902,5253,6/5/2009 8:19
34,Adrianna,Du(ID 34)ncan,10032,646-544-5915,5254,6/5/2009 11:36
70,Terrance,Fo(ID 70)rbes,10154,347-642-8572,5255,6/5/2009 14:26
133,Katherine,Turn(ID 133)er,11216,347-589-7132,5256,6/5/2009 15:32
130,Kyle,Garne(ID 130)r,10010,917-338-6372,5257,6/6/2009 12:11
131,Desmond,Knowles(ID 131),10122,917-785-7273,5258,6/6/2009 14:42
148,Holden,Fowl(ID 148)er,10118,212-722-7454,5259,6/8/2009 11:32
125,Lacey,Spen(ID 125)cer,11411,917-605-3899,5260,6/8/2009 13:30
99,Kyla,Sh(ID 99)annon,11368,646-352-2431,5261,6/9/2009 14:10
185,Malia,Bridges(ID 185),10128,917-338-2937,5262,6/9/2009 15:14
108,Adeline,Dicke(ID 108)rson,10111,718-703-9796,5263,6/10/2009 8:30
35,Amari,Pa(ID 35)rker,10010,212-525-3571,5264,6/10/2009 14:10
194,Kymani,Beck(ID 194),10463,718-351-9427,5265,6/10/2009 14:52
55,Amy,Jarv(ID 55)is,11375,646-804-4663,5266,6/11/2009 10:25
17,Gemma,Donovan(ID 17),10069,646-768-1792,5267,6/11/2009 11:41
179,Carleigh,Mann(ID 179)ing,10021,646-573-3267,5268,6/11/2009 12:44
51,Derek,Oliv(ID 51)er,11362,347-716-1227,5269,6/12/2009 11:19
95,Matthias,Clemons(ID 95),11411,347-329-7260,5270,6/12/2009 16:09
78,Octavio,White(ID 78)head,11218,212-423-2062,5271,6/12/2009 16:54
75,Remington,Fa(ID 75)rrell,11693,917-843-4608,5272,6/13/2009 9:21
101,Anabella,Nix(ID 101)on,11249,212-523-6502,5273,6/13/2009 12:43
72,Deja,Lindse(ID 72)y,10307,212-411-1820,5274,6/14/2009 9:14
24,Zaniyah,Case(ID 24),11103,718-604-7729,5275,6/15/2009 9:01
4,Lia,Sho(ID 4)rt,11230,718-664-9574,5276,6/15/2009 10:54
124,Cody,Lea(ID 124)ch,10005,347-570-3346,5277,6/16/2009 9:32
58,Mitchell,Lloyd(ID 58),11362,718-796-7350,5278,6/17/2009 8:28
115,Mathew,Harrison(ID 115),11694,646-614-8165,5279,6/17/2009 12:57
75,Remington,Farre(ID 75)ll,11693,917-843-4608,5280,6/18/2009 10:33
30,Alexus,Crosby(ID 30),10473,646-223-6544,5281,6/18/2009 11:33
18,Jack,Bruc(ID 18)e,11218,646-522-7235,5282,6/19/2009 8:11
129,Deven,Gra(ID 129)ham,11693,646-246-7524,5283,6/19/2009 8:50
21,Jazmine,Foley(ID 21),10029,718-605-9088,5284,6/19/2009 15:28
36,Kendrick,Flo(ID 36)yd,11434,917-650-7989,5285,6/19/2009 15:29
10,Aliya,Hoffman(ID 10),11366,917-613-6421,5286,6/21/2009 8:08
56,Immanuel,Joyce(ID 56),11234,212-671-1389,5287,6/24/2009 11:21
165,Cannon,Berg(ID 165),11420,646-605-8063,5288,6/25/2009 11:20
65,Isaias,Moo(ID 65)n,10471,212-716-6333,5289,6/25/2009 15:14
191,Kai,Sp(ID 191)arks,11211,212-522-5661,5290,6/26/2009 13:53
108,Adeline,Dickers(ID 108)on,10111,718-703-9796,5291,6/28/2009 8:16
78,Octavio,Whitehead(ID 78),11218,212-423-2062,5292,6/29/2009 8:09
91,Pedro,Pay(ID 91)ne,10005,212-498-6862,5293,6/29/2009 11:07
68,Autumn,Bu(ID 68)rnett,11366,917-355-7377,5294,6/29/2009 11:37
153,Leland,Hunter(ID 153),11109,212-793-5299,5295,6/29/2009 13:46
176,Alison,Mays(ID 176),10165,917-265-9366,5296,7/1/2009 12:17
152,Elianna,Medina(ID 152),10308,646-819-2778,5297,7/1/2009 15:04
47,Brayan,Ow(ID 47)ens,11239,347-766-3697,5298,7/2/2009 10:58
119,Tatiana,Davidson(ID 119),10451,718-457-2953,5299,7/2/2009 13:11
72,Deja,Lin(ID 72)dsey,10307,212-411-1820,5300,7/3/2009 11:03
148,Holden,Fowler(ID 148),10118,212-722-7454,5301,7/3/2009 14:25
126,Serena,Pet(ID 126)ers,11363,718-380-2477,5302,7/3/2009 14:39
160,Raegan,Ca(ID 160)ntrell,10280,646-813-3328,5303,7/4/2009 11:20
117,Aliza,Fore(ID 117)man,11697,917-380-2950,5304,7/4/2009 16:33
11,Luna,Martinez(ID 11),10006,718-771-3686,5305,7/5/2009 16:34
80,Nelson,Flynn(ID 80),11109,646-725-6832,5306,7/6/2009 10:48
178,Maximilian,Moral(ID 178)es,11217,212-772-6202,5307,7/8/2009 8:27
147,Conor,Weiss(ID 147),11203,347-518-5638,5308,7/8/2009 10:56
59,Desiree,Me(ID 59)lton,11432,646-270-2996,5309,7/8/2009 13:02
78,Octavio,Wh(ID 78)itehead,11218,212-423-2062,5310,7/8/2009 16:14
54,Jayson,Bulloc(ID 54)k,11210,718-708-3598,5311,7/9/2009 11:01
78,Octavio,Whi(ID 78)tehead,11218,212-423-2062,5312,7/9/2009 13:48
83,Kamryn,Hoppe(ID 83)r,11418,917-350-9472,5313,7/9/2009 14:34
93,Vance,Wilco(ID 93)x,10466,347-314-5165,5314,7/10/2009 8:39
73,Colby,Atkinso(ID 73)n,10007,646-772-2257,5315,7/10/2009 8:54
178,Maximilian,Morales(ID 178),11217,212-772-6202,5316,7/11/2009 9:38
110,Kade,Hoo(ID 110)d,10014,917-336-9522,5317,7/11/2009 10:13
57,Lia,Harrell(ID 57),10451,347-270-4389,5318,7/11/2009 13:05
55,Amy,Jar(ID 55)vis,11375,646-804-4663,5319,7/12/2009 11:21
191,Kai,Spark(ID 191)s,11211,212-522-5661,5320,7/12/2009 12:14
25,Khalil,Med(ID 25)ina,11419,917-361-9803,5321,7/12/2009 14:19
157,Valentino,Ford(ID 157),11208,212-745-3651,5322,7/13/2009 15:30
76,Dixie,Cru(ID 76)z,10103,917-586-9422,5323,7/14/2009 9:22
99,Kyla,Shan(ID 99)non,11368,646-352-2431,5324,7/14/2009 10:29
3,Yandel,Frank(ID 3)lin,10099,718-510-6575,5325,7/14/2009 14:51
135,Lena,Rivera(ID 135),11361,212-340-5502,5326,7/14/2009 16:32
31,Jazmin,Schmidt(ID 31),11237,718-294-7531,5327,7/15/2009 13:29
93,Vance,Wilcox(ID 93),10466,347-314-5165,5328,7/15/2009 16:54
36,Kendrick,Flo(ID 36)yd,11434,917-650-7989,5329,7/16/2009 15:25
36,Kendrick,Floyd(ID 36),11434,917-650-7989,5330,7/19/2009 11:11
8,Darren,Burn(ID 8)s,10120,212-220-3311,5331,7/19/2009 11:58
42,Stanley,Town(ID 42)send,10314,212-775-3412,5332,7/19/2009 12:41
41,Ryleigh,Wil(ID 41)kins,10302,917-766-5604,5333,7/19/2009 15:53
74,Zackary,Gi(ID 74)lliam,10279,917-593-3931,5334,7/19/2009 16:18
79,Mariam,Bo(ID 79)wen,11238,646-292-3920,5335,7/20/2009 11:49
66,Yaritza,Andrews(ID 66),11234,718-746-4988,5336,7/20/2009 15:38
93,Vance,Wi(ID 93)lcox,10466,347-314-5165,5337,7/21/2009 14:56
118,Kenley,Hu(ID 118)nt,10028,212-705-8822,5338,7/23/2009 11:51
