"","PersonID","FirstName","ZIP","Phone","CallID","Time","LastName"
"1",127,"Alexia",11422,"718-534-2403",4252,"2001/1/8 12:32","Rasmussen"
"2",98,"Brenden",10015,"646-812-7298",4253,"2001/2/8 13:17","Rasmussen"
"3",94,"Beau",10013,"646-391-9926",4254,"2001/2/8 14:54","Ware"
"4",127,"Alexia",11422,"718-534-2403",4255,"2001/3/8 15:32","Rasmussen"
"5",156,"Jacoby",10045,"917-808-6186",4256,"2001/3/8 15:52","Cook"
"6",139,"Quinten",10016,"917-687-2256",4257,"2001/4/8 13:19","Hubbard"
"7",75,"Remington",11693,"917-843-4608",4258,"2001/5/8 9:09","Farrell"
"8",91,"Pedro",10005,"212-498-6862",4259,"2001/5/8 9:10","Payne"
"9",152,"Elianna",10308,"646-819-2778",4260,"2001/5/8 9:41","Medina"
"10",8,"Darren",10120,"212-220-3311",4261,"2001/5/8 16:11","Burns"
"11",164,"Rebekah",10155,"212-700-7304",4262,"2001/7/8 11:23","Beard"
"12",7,"Jaqueline",10106,"347-409-5439",4263,"2001/7/8 11:50","Ewing"
"13",105,"Porter",11385,"718-483-5325",4264,"2001/7/8 13:31","Parks"
"14",163,"Donavan",11224,"718-543-2608",4265,"2001/8/8 14:28","Ingram"
"15",174,"Charles",11220,"347-312-4725",4266,"2001/8/8 15:48","McCoy"
"16",66,"Yaritza",11234,"718-746-4988",4267,"2001/9/8 13:57","Andrews"
"17",61,"Rylie",10167,"917-745-5684",4268,"2001/9/8 15:10","Ayala"
"18",45,"Omari",11691,"646-516-3070",4269,"2001/9/8 16:29","Rush"
"19",175,"Bridger",11374,"718-792-7253",4270,"2001/10/8 9:41","Stephenson"
"20",2,"Reynaldo",11223,"646-382-3431",4271,"2001/11/8 8:06","Harris"
"21",63,"Quentin",11207,"347-625-6847",4272,"2001/11/8 12:10","Randolph"
"22",136,"Deborah",10302,"718-408-4184",4273,"2001/11/8 12:46","Lamb"
"23",42,"Stanley",10314,"212-775-3412",4274,"2001/12/8 16:05","Townsend"
"24",135,"Lena",11361,"212-340-5502",4275,"01/14/08 08:01","Rivera"
"25",177,"Aaliyah",10169,"646-354-5674",4276,"01/14/08 09:09","Stephenson"
"26",186,"Quintin",11413,"917-363-2471",4277,"01/14/08 11:41","McConnell"
"27",63,"Quentin",11207,"347-625-6847",4278,"01/14/08 15:10","Randolph"
"28",10,"Aliya",11366,"917-613-6421",4279,"01/15/08 08:44","Hoffman"
"29",90,"Janiah",11220,"347-346-9229",4280,"01/15/08 13:10","Kidd"
"30",131,"Desmond",10122,"917-785-7273",4281,"01/15/08 14:04","Knowles"
"31",142,"Harrison",10112,"718-245-5292",4282,"01/15/08 16:33","Duke"
"32",94,"Beau",10013,"646-391-9926",4283,"01/16/08 09:51","Ware"
"33",158,"Alessandro",11209,"917-647-6620",4284,"01/16/08 13:54","Casey"
"34",83,"Kamryn",11418,"917-350-9472",4285,"01/16/08 14:48","Hopper"
"35",189,"Jasmin",10028,"718-377-3801",4286,"01/17/08 09:26","Guzman"
"36",84,"Makhi",10451,"917-612-4762",4287,"01/17/08 10:30","Robles"
"37",43,"Rodney",10158,"646-519-3002",4288,"01/17/08 13:20","Stafford"
"38",88,"Alfonso",11225,"347-656-8233",4289,"01/18/08 16:14","Gilbert"
"39",190,"Kaylee",11224,"646-799-3731",4290,"01/19/08 10:33","Richmond"
"40",116,"Dylan",10468,"646-576-9372",4291,"01/19/08 13:24","Clark"
"41",37,"Grace",10158,"646-524-8955",4292,"01/19/08 14:23","Rowe"
"42",179,"Carleigh",10021,"646-573-3267",4293,"01/20/08 11:22","Manning"
"43",119,"Tatiana",10451,"718-457-2953",4294,"01/20/08 16:02","Davidson"
"44",151,"Kaiya",10457,"347-829-1136",4295,"01/20/08 16:31","Hull"
"45",179,"Carleigh",10021,"646-573-3267",4296,"01/21/08 15:09","Manning"
"46",54,"Jayson",11210,"718-708-3598",4297,"01/21/08 16:44","Bullock"
"47",164,"Rebekah",10155,"212-700-7304",4298,"01/22/08 09:23","Beard"
"48",148,"Holden",10118,"212-722-7454",4299,"01/22/08 12:19","Fowler"
"49",89,"Irvin",11363,"212-335-8571",4300,"01/22/08 13:41","Hinton"
"50",57,"Lia",10451,"347-270-4389",4301,"01/22/08 16:21","Harrell"
"51",30,"Alexus",10473,"646-223-6544",4302,"01/22/08 16:48","Crosby"
"52",5,"Cael",10026,"646-623-7673",4303,"01/23/08 11:03","Glover"
"53",155,"Leia",11362,"347-373-6302",4304,"01/24/08 08:50","Schroeder"
"54",139,"Quinten",10016,"917-687-2256",4305,"01/24/08 10:06","Hubbard"
"55",192,"Jayden",10037,"347-356-9081",4306,"01/24/08 14:28","Whitfield"
"56",119,"Tatiana",10451,"718-457-2953",4307,"01/26/08 08:07","Davidson"
"57",78,"Octavio",11218,"212-423-2062",4308,"01/26/08 09:44","Whitehead"
"58",70,"Terrance",10154,"347-642-8572",4309,"01/26/08 14:48","Forbes"
"59",65,"Isaias",10471,"212-716-6333",4310,"01/26/08 15:00","Moon"
"60",106,"Briley",11360,"646-234-2097",4311,"01/28/08 10:03","Estrada"
"61",168,"Kierra",11101,"718-451-2157",4312,"01/29/08 10:53","Holmes"
"62",63,"Quentin",11207,"347-625-6847",4313,"01/29/08 10:55","Randolph"
"63",1,"Jaylen",10006,"646-376-4466",4314,"01/29/08 11:19","Christensen"
"64",159,"Mireya",10110,"718-496-7026",4315,"01/29/08 12:34","Woodard"
"65",78,"Octavio",11218,"212-423-2062",4316,"01/29/08 14:53","Whitehead"
"66",32,"Reese",11208,"212-614-7981",4317,"01/30/08 08:16","Roth"
"67",79,"Mariam",11238,"646-292-3920",4318,"01/30/08 09:50","Bowen"
"68",186,"Quintin",11413,"917-363-2471",4319,"01/30/08 10:20","McConnell"
"69",54,"Jayson",11210,"718-708-3598",4320,"01/31/08 08:20","Bullock"
"70",86,"Jaida",11363,"718-703-2577",4321,"2002/1/8 9:15","Whitney"
"71",10,"Aliya",11366,"917-613-6421",4322,"2002/1/8 10:12","Hoffman"
"72",91,"Pedro",10005,"212-498-6862",4323,"2002/1/8 12:53","Payne"
"73",8,"Darren",10120,"212-220-3311",4324,"2002/1/8 12:59","Burns"
"74",27,"Aaden",11233,"212-683-8794",4325,"2002/1/8 16:16","Lowe"
"75",55,"Amy",11375,"646-804-4663",4326,"2002/1/8 16:45","Jarvis"
"76",133,"Katherine",11216,"347-589-7132",4327,"2002/3/8 10:32","Turner"
"77",95,"Matthias",11411,"347-329-7260",4328,"2002/3/8 16:26","Clemons"
"78",23,"Jocelynn",11105,"718-722-6313",4329,"2002/4/8 11:32","Buck"
"79",76,"Dixie",10103,"917-586-9422",4330,"2002/5/8 12:35","Cruz"
"80",101,"Anabella",11249,"212-523-6502",4331,"2002/6/8 12:01","Nixon"
"81",49,"Selina",10035,"718-511-4170",4332,"2002/6/8 13:05","Nelson"
"82",165,"Cannon",11420,"646-605-8063",4333,"2002/7/8 8:47","Berg"
"83",59,"Desiree",11432,"646-270-2996",4334,"2002/7/8 10:15","Melton"
"84",84,"Makhi",10451,"917-612-4762",4335,"2002/7/8 10:31","Robles"
"85",20,"Reed",10168,"646-547-6398",4336,"2002/7/8 15:57","Flowers"
"86",154,"Landyn",10166,"347-320-2243",4337,"2002/7/8 16:44","Pitts"
"87",40,"King",11367,"347-823-6645",4338,"2002/9/8 8:48","Rose"
"88",76,"Dixie",10103,"917-586-9422",4339,"2002/9/8 11:27","Cruz"
"89",84,"Makhi",10451,"917-612-4762",4340,"2002/10/8 10:41","Robles"
"90",91,"Pedro",10005,"212-498-6862",4341,"2002/10/8 14:51","Payne"
"91",181,"Jakobe",10451,"917-728-8534",4342,"2002/11/8 10:06","Miller"
"92",81,"Aileen",11210,"917-426-2147",4343,"2002/11/8 11:35","Johnson"
"93",99,"Kyla",11368,"646-352-2431",4344,"2002/11/8 12:02","Shannon"
"94",30,"Alexus",10473,"646-223-6544",4345,"2002/12/8 8:13","Crosby"
"95",75,"Remington",11693,"917-843-4608",4346,"02/13/08 10:43","Farrell"
"96",63,"Quentin",11207,"347-625-6847",4347,"02/13/08 12:46","Randolph"
"97",160,"Raegan",10280,"646-813-3328",4348,"02/14/08 15:27","Cantrell"
"98",58,"Mitchell",11362,"718-796-7350",4349,"02/14/08 15:33","Lloyd"
"99",113,"Regina",11209,"646-614-1481",4350,"02/15/08 09:04","Brewer"
"100",85,"Elianna",11230,"212-832-9113",4351,"02/15/08 16:57","Kaufman"
"101",113,"Regina",11209,"646-614-1481",4352,"02/16/08 12:48","Brewer"
"102",135,"Lena",11361,"212-340-5502",4353,"02/16/08 14:32","Rivera"
"103",17,"Gemma",10069,"646-768-1792",4354,"02/17/08 09:08","Donovan"
"104",81,"Aileen",11210,"917-426-2147",4355,"02/17/08 13:08","Johnson"
"105",182,"Kassidy",10039,"718-660-6567",4356,"02/17/08 13:19","Good"
"106",152,"Elianna",10308,"646-819-2778",4357,"02/18/08 16:59","Medina"
"107",66,"Yaritza",11234,"718-746-4988",4358,"02/19/08 13:04","Andrews"
"108",135,"Lena",11361,"212-340-5502",4359,"02/19/08 16:12","Rivera"
"109",134,"Karli",11356,"917-716-1314",4360,"02/19/08 16:45","Henson"
"110",165,"Cannon",11420,"646-605-8063",4361,"02/20/08 08:14","Berg"
"111",165,"Cannon",11420,"646-605-8063",4362,"02/20/08 12:41","Berg"
"112",175,"Bridger",11374,"718-792-7253",4363,"02/21/08 11:23","Stephenson"
"113",180,"Charlie",10473,"212-321-1690",4364,"02/21/08 13:29","Herring"
"114",13,"Melvin",10304,"212-836-6512",4365,"02/21/08 14:55","Buckner"
"115",42,"Stanley",10314,"212-775-3412",4366,"02/21/08 15:17","Townsend"
"116",42,"Stanley",10314,"212-775-3412",4367,"02/23/08 15:02","Townsend"
"117",70,"Terrance",10154,"347-642-8572",4368,"02/24/08 11:33","Forbes"
"118",157,"Valentino",11208,"212-745-3651",4369,"02/24/08 16:25","Ford"
"119",125,"Lacey",11411,"917-605-3899",4370,"02/25/08 16:15","Spencer"
"120",111,"Belen",11237,"917-302-6036",4371,"02/25/08 16:40","Hess"
"121",156,"Jacoby",10045,"917-808-6186",4372,"02/26/08 12:53","Cook"
"122",46,"Maurice",10471,"212-470-2697",4373,"02/26/08 14:55","Tran"
"123",175,"Bridger",11374,"718-792-7253",4374,"02/26/08 15:32","Stephenson"
"124",134,"Karli",11356,"917-716-1314",4375,"02/27/08 10:40","Henson"
"125",37,"Grace",10158,"646-524-8955",4376,"02/27/08 15:36","Rowe"
"126",78,"Octavio",11218,"212-423-2062",4377,"02/28/08 10:09","Whitehead"
"127",189,"Jasmin",10028,"718-377-3801",4378,"02/29/08 11:23","Guzman"
"128",81,"Aileen",11210,"917-426-2147",4379,"02/29/08 13:43","Johnson"
"129",182,"Kassidy",10039,"718-660-6567",4380,"2003/1/8 8:32","Good"
"130",84,"Makhi",10451,"917-612-4762",4381,"2003/1/8 12:58","Robles"
"131",125,"Lacey",11411,"917-605-3899",4382,"2003/2/8 8:25","Spencer"
"132",114,"Bradley",10456,"646-587-3973",4383,"2003/2/8 12:58","Sims"
"133",70,"Terrance",10154,"347-642-8572",4384,"2003/2/8 13:25","Forbes"
"134",57,"Lia",10451,"347-270-4389",4385,"2003/2/8 15:00","Harrell"
"135",79,"Mariam",11238,"646-292-3920",4386,"2003/3/8 13:23","Bowen"
"136",39,"Damaris",11436,"646-662-5349",4387,"2003/3/8 13:49","Crosby"
"137",110,"Kade",10014,"917-336-9522",4388,"2003/3/8 16:34","Hood"
"138",87,"Braylon",11241,"347-729-6167",4389,"2003/3/8 16:50","Spence"
"139",9,"Rigoberto",11358,"212-537-6720",4390,"2003/4/8 8:18","Mayo"
"140",173,"Rebekah",11434,"646-826-7098",4391,"2003/4/8 10:44","Best"
"141",134,"Karli",11356,"917-716-1314",4392,"2003/4/8 11:48","Henson"
"142",80,"Nelson",11109,"646-725-6832",4393,"2003/4/8 12:05","Flynn"
"143",134,"Karli",11356,"917-716-1314",4394,"2003/5/8 9:42","Henson"
"144",27,"Aaden",11233,"212-683-8794",4395,"2003/6/8 12:02","Lowe"
"145",35,"Amari",10010,"212-525-3571",4396,"2003/6/8 13:51","Parker"
"146",182,"Kassidy",10039,"718-660-6567",4397,"2003/6/8 15:13","Good"
"147",90,"Janiah",11220,"347-346-9229",4398,"2003/6/8 16:30","Kidd"
"148",156,"Jacoby",10045,"917-808-6186",4399,"2003/7/8 11:23","Cook"
"149",113,"Regina",11209,"646-614-1481",4400,"2003/7/8 11:39","Brewer"
"150",163,"Donavan",11224,"718-543-2608",4401,"2003/7/8 13:56","Ingram"
"151",191,"Kai",11211,"212-522-5661",4402,"2003/8/8 13:10","Sparks"
"152",125,"Lacey",11411,"917-605-3899",4403,"2003/8/8 13:32","Spencer"
"153",132,"Jayda",11105,"718-658-3906",4404,"2003/8/8 15:13","Crawford"
"154",11,"Luna",10006,"718-771-3686",4405,"2003/9/8 8:28","Martinez"
"155",154,"Landyn",10166,"347-320-2243",4406,"2003/10/8 13:45","Pitts"
"156",131,"Desmond",10122,"917-785-7273",4407,"2003/10/8 16:06","Knowles"
"157",79,"Mariam",11238,"646-292-3920",4408,"2003/11/8 10:43","Bowen"
"158",29,"Alexander",10278,"917-261-3926",4409,"2003/11/8 11:10","Cantu"
"159",48,"Jaylen",10464,"212-432-9911",4410,"2003/12/8 12:48","Smith"
"160",95,"Matthias",11411,"347-329-7260",4411,"2003/12/8 15:54","Clemons"
"161",174,"Charles",11220,"347-312-4725",4412,"03/13/08 09:36","McCoy"
"162",144,"Donna",11421,"917-617-3764",4413,"03/13/08 12:18","Gallegos"
"163",61,"Rylie",10167,"917-745-5684",4414,"03/14/08 16:24","Ayala"
"164",76,"Dixie",10103,"917-586-9422",4415,"03/14/08 16:46","Cruz"
"165",74,"Zackary",10279,"917-593-3931",4416,"03/16/08 08:21","Gilliam"
"166",176,"Alison",10165,"917-265-9366",4417,"03/16/08 12:47","Mays"
"167",65,"Isaias",10471,"212-716-6333",4418,"03/17/08 13:09","Moon"
"168",67,"Danny",10309,"917-280-8507",4419,"03/17/08 16:34","Gray"
"169",81,"Aileen",11210,"917-426-2147",4420,"03/18/08 12:54","Johnson"
"170",25,"Khalil",11419,"917-361-9803",4421,"03/19/08 11:24","Medina"
"171",150,"Kaleigh",11422,"718-823-7799",4422,"03/20/08 10:04","Gaines"
"172",191,"Kai",11211,"212-522-5661",4423,"03/20/08 11:19","Sparks"
"173",170,"Skylar",10469,"212-827-7355",4424,"03/20/08 13:13","Whitfield"
"174",136,"Deborah",10302,"718-408-4184",4425,"03/20/08 14:42","Lamb"
"175",127,"Alexia",11422,"718-534-2403",4426,"03/22/08 11:19","Rasmussen"
"176",87,"Braylon",11241,"347-729-6167",4427,"03/22/08 11:45","Spence"
"177",134,"Karli",11356,"917-716-1314",4428,"03/23/08 09:25","Henson"
"178",56,"Immanuel",11234,"212-671-1389",4429,"03/23/08 16:00","Joyce"
"179",186,"Quintin",11413,"917-363-2471",4430,"03/24/08 08:20","McConnell"
"180",36,"Kendrick",11434,"917-650-7989",4431,"03/24/08 09:07","Floyd"
"181",61,"Rylie",10167,"917-745-5684",4432,"03/24/08 11:22","Ayala"
"182",40,"King",11367,"347-823-6645",4433,"03/25/08 08:37","Rose"
"183",4,"Lia",11230,"718-664-9574",4434,"03/25/08 09:13","Short"
"184",98,"Brenden",10015,"646-812-7298",4435,"03/25/08 09:34","Rasmussen"
"185",195,"Darius",10459,"917-444-3708",4436,"03/25/08 10:52","Travis"
"186",39,"Damaris",11436,"646-662-5349",4437,"03/25/08 13:12","Crosby"
"187",47,"Brayan",11239,"347-766-3697",4438,"03/25/08 13:20","Owens"
"188",100,"Branson",10026,"212-780-2467",4439,"03/25/08 13:59","Ingram"
"189",163,"Donavan",11224,"718-543-2608",4440,"03/25/08 15:52","Ingram"
"190",127,"Alexia",11422,"718-534-2403",4441,"03/25/08 16:39","Rasmussen"
"191",137,"Amya",11422,"347-350-9310",4442,"03/26/08 10:52","Walton"
"192",64,"Miles",10465,"646-336-1902",4443,"03/26/08 11:10","Burton"
"193",101,"Anabella",11249,"212-523-6502",4444,"03/27/08 09:23","Nixon"
"194",136,"Deborah",10302,"718-408-4184",4445,"03/27/08 10:39","Lamb"
"195",79,"Mariam",11238,"646-292-3920",4446,"03/27/08 14:32","Bowen"
"196",57,"Lia",10451,"347-270-4389",4447,"03/28/08 11:03","Harrell"
"197",5,"Cael",10026,"646-623-7673",4448,"03/29/08 08:00","Glover"
"198",93,"Vance",10466,"347-314-5165",4449,"03/29/08 08:49","Wilcox"
"199",45,"Omari",11691,"646-516-3070",4450,"03/29/08 13:35","Rush"
"200",171,"Savanah",11379,"212-358-3769",4451,"03/29/08 15:37","Fernandez"
"201",20,"Reed",10168,"646-547-6398",4452,"03/30/08 10:20","Flowers"
"202",75,"Remington",11693,"917-843-4608",4453,"03/30/08 15:26","Farrell"
"203",80,"Nelson",11109,"646-725-6832",4454,"2004/1/8 16:09","Flynn"
"204",158,"Alessandro",11209,"917-647-6620",4455,"2004/2/8 13:07","Casey"
"205",119,"Tatiana",10451,"718-457-2953",4456,"2004/5/8 12:07","Davidson"
"206",61,"Rylie",10167,"917-745-5684",4457,"2004/5/8 12:13","Ayala"
"207",35,"Amari",10010,"212-525-3571",4458,"2004/5/8 15:31","Parker"
"208",92,"Adeline",11373,"718-512-2564",4459,"2004/6/8 14:09","Dillon"
"209",54,"Jayson",11210,"718-708-3598",4460,"2004/6/8 16:17","Bullock"
"210",100,"Branson",10026,"212-780-2467",4461,"2004/7/8 13:42","Ingram"
"211",37,"Grace",10158,"646-524-8955",4462,"2004/9/8 9:07","Rowe"
"212",55,"Amy",11375,"646-804-4663",4463,"2004/9/8 14:05","Jarvis"
"213",85,"Elianna",11230,"212-832-9113",4464,"2004/9/8 15:08","Kaufman"
"214",33,"Presley",11357,"646-358-6884",4465,"2004/11/8 12:55","Padilla"
"215",75,"Remington",11693,"917-843-4608",4466,"2004/12/8 8:21","Farrell"
"216",25,"Khalil",11419,"917-361-9803",4467,"2004/12/8 12:05","Medina"
"217",142,"Harrison",10112,"718-245-5292",4468,"2004/12/8 12:34","Duke"
"218",116,"Dylan",10468,"646-576-9372",4469,"2004/12/8 13:32","Clark"
"219",72,"Deja",10307,"212-411-1820",4470,"2004/12/8 16:36","Lindsey"
"220",104,"Dillon",10118,"212-629-8042",4471,"04/14/08 08:45","Roberson"
"221",111,"Belen",11237,"917-302-6036",4472,"04/14/08 16:17","Hess"
"222",144,"Donna",11421,"917-617-3764",4473,"04/15/08 09:35","Gallegos"
"223",153,"Leland",11109,"212-793-5299",4474,"04/15/08 09:48","Hunter"
"224",115,"Mathew",11694,"646-614-8165",4475,"04/15/08 10:59","Harrison"
"225",93,"Vance",10466,"347-314-5165",4476,"04/16/08 13:56","Wilcox"
"226",176,"Alison",10165,"917-265-9366",4477,"04/16/08 14:36","Mays"
"227",124,"Cody",10005,"347-570-3346",4478,"04/16/08 16:37","Leach"
"228",163,"Donavan",11224,"718-543-2608",4479,"04/17/08 08:24","Ingram"
"229",106,"Briley",11360,"646-234-2097",4480,"04/17/08 08:41","Estrada"
"230",167,"Neveah",10019,"646-527-1224",4481,"04/17/08 10:56","Reynolds"
"231",14,"Jeramiah",11221,"646-228-5446",4482,"04/18/08 10:21","Potts"
"232",148,"Holden",10118,"212-722-7454",4483,"04/18/08 10:54","Fowler"
"233",24,"Zaniyah",11103,"718-604-7729",4484,"04/18/08 12:48","Case"
"234",195,"Darius",10459,"917-444-3708",4485,"04/21/08 08:30","Travis"
"235",174,"Charles",11220,"347-312-4725",4486,"04/21/08 11:48","McCoy"
"236",104,"Dillon",10118,"212-629-8042",4487,"04/21/08 14:16","Roberson"
"237",30,"Alexus",10473,"646-223-6544",4488,"04/22/08 10:21","Crosby"
"238",97,"Reina",11435,"917-817-8225",4489,"04/22/08 10:34","Hester"
"239",116,"Dylan",10468,"646-576-9372",4490,"04/22/08 13:34","Clark"
"240",185,"Malia",10128,"917-338-2937",4491,"04/22/08 16:41","Bridges"
"241",35,"Amari",10010,"212-525-3571",4492,"04/23/08 11:04","Parker"
"242",195,"Darius",10459,"917-444-3708",4493,"04/23/08 11:47","Travis"
"243",140,"Skylar",10162,"212-592-7909",4494,"04/23/08 12:59","Buck"
"244",74,"Zackary",10279,"917-593-3931",4495,"04/23/08 13:14","Gilliam"
"245",103,"Fabian",10168,"646-523-3121",4496,"04/23/08 15:31","Bryan"
"246",98,"Brenden",10015,"646-812-7298",4497,"04/23/08 16:04","Rasmussen"
"247",176,"Alison",10165,"917-265-9366",4498,"04/24/08 11:25","Mays"
"248",195,"Darius",10459,"917-444-3708",4499,"04/24/08 16:13","Travis"
"249",95,"Matthias",11411,"347-329-7260",4500,"04/26/08 08:03","Clemons"
"250",17,"Gemma",10069,"646-768-1792",4501,"04/26/08 10:32","Donovan"
"251",32,"Reese",11208,"212-614-7981",4502,"04/27/08 10:06","Roth"
"252",111,"Belen",11237,"917-302-6036",4503,"04/27/08 12:40","Hess"
"253",45,"Omari",11691,"646-516-3070",4504,"04/28/08 08:41","Rush"
"254",174,"Charles",11220,"347-312-4725",4505,"04/28/08 13:08","McCoy"
"255",83,"Kamryn",11418,"917-350-9472",4506,"04/28/08 15:42","Hopper"
"256",138,"Kyleigh",10309,"718-550-6560",4507,"04/29/08 10:27","Franks"
"257",98,"Brenden",10015,"646-812-7298",4508,"04/29/08 10:27","Rasmussen"
"258",102,"Anabelle",11211,"917-728-8694",4509,"04/30/08 13:09","Wilson"
"259",25,"Khalil",11419,"917-361-9803",4510,"2005/1/8 8:04","Medina"
"260",56,"Immanuel",11234,"212-671-1389",4511,"2005/2/8 8:03","Joyce"
"261",76,"Dixie",10103,"917-586-9422",4512,"2005/2/8 12:28","Cruz"
"262",57,"Lia",10451,"347-270-4389",4513,"2005/3/8 14:17","Harrell"
"263",133,"Katherine",11216,"347-589-7132",4514,"2005/4/8 12:01","Turner"
"264",32,"Reese",11208,"212-614-7981",4515,"2005/4/8 15:43","Roth"
"265",66,"Yaritza",11234,"718-746-4988",4516,"2005/5/8 16:26","Andrews"
"266",32,"Reese",11208,"212-614-7981",4517,"2005/6/8 8:59","Roth"
"267",141,"Vanessa",10026,"212-569-4823",4518,"2005/6/8 16:11","Mcmahon"
"268",99,"Kyla",11368,"646-352-2431",4519,"2005/7/8 10:07","Shannon"
"269",88,"Alfonso",11225,"347-656-8233",4520,"2005/7/8 10:37","Gilbert"
"270",165,"Cannon",11420,"646-605-8063",4521,"2005/9/8 8:52","Berg"
"271",29,"Alexander",10278,"917-261-3926",4522,"2005/9/8 13:35","Cantu"
"272",59,"Desiree",11432,"646-270-2996",4523,"2005/9/8 14:58","Melton"
"273",99,"Kyla",11368,"646-352-2431",4524,"2005/9/8 16:23","Shannon"
"274",191,"Kai",11211,"212-522-5661",4525,"2005/10/8 9:15","Sparks"
"275",15,"Owen",10453,"212-476-4876",4526,"2005/10/8 9:30","Noble"
"276",39,"Damaris",11436,"646-662-5349",4527,"2005/10/8 12:00","Crosby"
"277",101,"Anabella",11249,"212-523-6502",4528,"2005/10/8 15:44","Nixon"
"278",61,"Rylie",10167,"917-745-5684",4529,"2005/11/8 9:41","Ayala"
"279",52,"Jaycee",10014,"347-368-1526",4530,"05/13/08 08:39","England"
"280",124,"Cody",10005,"347-570-3346",4531,"05/13/08 09:49","Leach"
"281",127,"Alexia",11422,"718-534-2403",4532,"05/13/08 16:17","Rasmussen"
"282",110,"Kade",10014,"917-336-9522",4533,"05/15/08 11:45","Hood"
"283",72,"Deja",10307,"212-411-1820",4534,"05/15/08 15:39","Lindsey"
"284",83,"Kamryn",11418,"917-350-9472",4535,"05/16/08 10:03","Hopper"
"285",86,"Jaida",11363,"718-703-2577",4536,"05/16/08 16:07","Whitney"
"286",168,"Kierra",11101,"718-451-2157",4537,"05/16/08 16:23","Holmes"
"287",57,"Lia",10451,"347-270-4389",4538,"05/17/08 14:42","Harrell"
"288",12,"Angelique",11413,"917-252-3830",4539,"05/17/08 15:20","Oliver"
"289",174,"Charles",11220,"347-312-4725",4540,"05/18/08 09:43","McCoy"
"290",165,"Cannon",11420,"646-605-8063",4541,"05/18/08 10:56","Berg"
"291",52,"Jaycee",10014,"347-368-1526",4542,"05/18/08 14:20","England"
"292",123,"Moses",10015,"917-682-3372",4543,"05/19/08 09:13","Ingram"
"293",194,"Kymani",10463,"718-351-9427",4544,"05/19/08 13:41","Beck"
"294",14,"Jeramiah",11221,"646-228-5446",4545,"05/19/08 15:49","Potts"
"295",149,"Savanah",10281,"917-687-6671",4546,"05/20/08 15:55","Forbes"
"296",18,"Jack",11218,"646-522-7235",4547,"05/21/08 12:07","Bruce"
"297",189,"Jasmin",10028,"718-377-3801",4548,"05/21/08 12:31","Guzman"
"298",66,"Yaritza",11234,"718-746-4988",4549,"05/21/08 15:12","Andrews"
"299",22,"Hadassah",11377,"917-823-9292",4550,"05/21/08 16:22","Abbott"
"300",8,"Darren",10120,"212-220-3311",4551,"05/22/08 11:28","Burns"
"301",143,"Jasiah",10468,"347-479-2352",4552,"05/22/08 12:54","Kirkland"
"302",97,"Reina",11435,"917-817-8225",4553,"05/22/08 13:16","Hester"
"303",14,"Jeramiah",11221,"646-228-5446",4554,"05/22/08 15:57","Potts"
"304",154,"Landyn",10166,"347-320-2243",4555,"05/23/08 16:42","Pitts"
"305",4,"Lia",11230,"718-664-9574",4556,"05/24/08 14:54","Short"
"306",158,"Alessandro",11209,"917-647-6620",4557,"05/25/08 11:35","Casey"
"307",14,"Jeramiah",11221,"646-228-5446",4558,"05/26/08 13:12","Potts"
"308",167,"Neveah",10019,"646-527-1224",4559,"05/26/08 15:37","Reynolds"
"309",151,"Kaiya",10457,"347-829-1136",4560,"05/27/08 08:07","Hull"
"310",88,"Alfonso",11225,"347-656-8233",4561,"05/27/08 11:56","Gilbert"
"311",3,"Yandel",10099,"718-510-6575",4562,"05/27/08 15:13","Franklin"
"312",115,"Mathew",11694,"646-614-8165",4563,"05/28/08 11:21","Harrison"
"313",156,"Jacoby",10045,"917-808-6186",4564,"05/28/08 15:00","Cook"
"314",149,"Savanah",10281,"917-687-6671",4565,"05/29/08 12:53","Forbes"
"315",138,"Kyleigh",10309,"718-550-6560",4566,"05/29/08 14:09","Franks"
"316",54,"Jayson",11210,"718-708-3598",4567,"05/29/08 15:33","Bullock"
"317",117,"Aliza",11697,"917-380-2950",4568,"05/31/08 11:38","Foreman"
"318",7,"Jaqueline",10106,"347-409-5439",4569,"2006/1/8 9:04","Ewing"
"319",150,"Kaleigh",11422,"718-823-7799",4570,"2006/1/8 11:41","Gaines"
"320",18,"Jack",11218,"646-522-7235",4571,"2006/1/8 14:36","Bruce"
"321",24,"Zaniyah",11103,"718-604-7729",4572,"2006/2/8 15:12","Case"
"322",62,"Ansley",10173,"917-353-7715",4573,"2006/3/8 12:31","Henson"
"323",153,"Leland",11109,"212-793-5299",4574,"2006/4/8 8:08","Hunter"
"324",146,"Brett",10303,"347-524-8554",4575,"2006/4/8 11:02","Wilkinson"
"325",63,"Quentin",11207,"347-625-6847",4576,"2006/4/8 16:04","Randolph"
"326",152,"Elianna",10308,"646-819-2778",4577,"2006/5/8 16:42","Medina"
"327",67,"Danny",10309,"917-280-8507",4578,"2006/6/8 12:23","Gray"
"328",115,"Mathew",11694,"646-614-8165",4579,"2006/6/8 13:30","Harrison"
"329",184,"Hallie",10107,"646-463-4607",4580,"2006/6/8 14:29","Casey"
"330",19,"Salvador",10028,"347-276-8948",4581,"2006/7/8 9:12","Emerson"
"331",80,"Nelson",11109,"646-725-6832",4582,"2006/7/8 11:17","Flynn"
"332",154,"Landyn",10166,"347-320-2243",4583,"2006/9/8 13:01","Pitts"
"333",155,"Leia",11362,"347-373-6302",4584,"2006/9/8 16:43","Schroeder"
"334",111,"Belen",11237,"917-302-6036",4585,"2006/10/8 12:54","Hess"
"335",10,"Aliya",11366,"917-613-6421",4586,"2006/10/8 15:10","Hoffman"
"336",5,"Cael",10026,"646-623-7673",4587,"2006/12/8 8:03","Glover"
"337",79,"Mariam",11238,"646-292-3920",4588,"2006/12/8 10:26","Bowen"
"338",52,"Jaycee",10014,"347-368-1526",4589,"06/13/08 13:44","England"
"339",65,"Isaias",10471,"212-716-6333",4590,"06/14/08 09:18","Moon"
"340",153,"Leland",11109,"212-793-5299",4591,"06/14/08 15:32","Hunter"
"341",99,"Kyla",11368,"646-352-2431",4592,"06/15/08 12:24","Shannon"
"342",148,"Holden",10118,"212-722-7454",4593,"06/15/08 13:17","Fowler"
"343",81,"Aileen",11210,"917-426-2147",4594,"06/16/08 08:01","Johnson"
"344",152,"Elianna",10308,"646-819-2778",4595,"06/16/08 09:16","Medina"
"345",144,"Donna",11421,"917-617-3764",4596,"06/16/08 11:37","Gallegos"
"346",31,"Jazmin",11237,"718-294-7531",4597,"06/16/08 14:36","Schmidt"
"347",2,"Reynaldo",11223,"646-382-3431",4598,"06/17/08 08:01","Harris"
"348",165,"Cannon",11420,"646-605-8063",4599,"06/17/08 11:06","Berg"
"349",78,"Octavio",11218,"212-423-2062",4600,"06/17/08 13:40","Whitehead"
"350",60,"Evie",11360,"347-379-6271",4601,"06/17/08 14:31","Beasley"
"351",160,"Raegan",10280,"646-813-3328",4602,"06/17/08 15:12","Cantrell"
"352",104,"Dillon",10118,"212-629-8042",4603,"06/17/08 15:38","Roberson"
"353",18,"Jack",11218,"646-522-7235",4604,"06/18/08 09:47","Bruce"
"354",106,"Briley",11360,"646-234-2097",4605,"06/18/08 14:17","Estrada"
"355",186,"Quintin",11413,"917-363-2471",4606,"06/19/08 15:40","McConnell"
"356",10,"Aliya",11366,"917-613-6421",4607,"06/20/08 11:43","Hoffman"
"357",156,"Jacoby",10045,"917-808-6186",4608,"06/21/08 11:54","Cook"
"358",74,"Zackary",10279,"917-593-3931",4609,"06/21/08 16:11","Gilliam"
"359",66,"Yaritza",11234,"718-746-4988",4610,"06/22/08 10:08","Andrews"
"360",61,"Rylie",10167,"917-745-5684",4611,"06/23/08 08:11","Ayala"
"361",26,"Jaylan",10123,"212-403-5255",4612,"06/23/08 09:21","Martin"
"362",87,"Braylon",11241,"347-729-6167",4613,"06/23/08 12:53","Spence"
"363",96,"Bailey",10029,"347-840-4080",4614,"06/23/08 13:28","Jordan"
"364",59,"Desiree",11432,"646-270-2996",4615,"06/24/08 12:20","Melton"
"365",103,"Fabian",10168,"646-523-3121",4616,"06/24/08 16:37","Bryan"
"366",72,"Deja",10307,"212-411-1820",4617,"06/25/08 10:25","Lindsey"
"367",78,"Octavio",11218,"212-423-2062",4618,"06/25/08 10:45","Whitehead"
"368",99,"Kyla",11368,"646-352-2431",4619,"06/25/08 13:29","Shannon"
"369",12,"Angelique",11413,"917-252-3830",4620,"06/25/08 16:11","Oliver"
"370",89,"Irvin",11363,"212-335-8571",4621,"06/26/08 12:16","Hinton"
"371",63,"Quentin",11207,"347-625-6847",4622,"06/27/08 12:15","Randolph"
"372",129,"Deven",11693,"646-246-7524",4623,"06/28/08 08:33","Graham"
"373",188,"Makenna",10172,"212-533-9260",4624,"06/28/08 12:28","Joseph"
"374",163,"Donavan",11224,"718-543-2608",4625,"06/28/08 15:47","Ingram"
"375",8,"Darren",10120,"212-220-3311",4626,"06/28/08 16:35","Burns"
"376",139,"Quinten",10016,"917-687-2256",4627,"06/29/08 10:41","Hubbard"
"377",98,"Brenden",10015,"646-812-7298",4628,"06/29/08 12:52","Rasmussen"
"378",80,"Nelson",11109,"646-725-6832",4629,"06/30/08 10:13","Flynn"
"379",104,"Dillon",10118,"212-629-8042",4630,"06/30/08 13:55","Roberson"
"380",84,"Makhi",10451,"917-612-4762",4631,"06/30/08 14:53","Robles"
"381",47,"Brayan",11239,"347-766-3697",4632,"06/30/08 15:10","Owens"
"382",110,"Kade",10014,"917-336-9522",4633,"2007/1/8 9:35","Hood"
"383",39,"Damaris",11436,"646-662-5349",4634,"2007/1/8 12:23","Crosby"
"384",79,"Mariam",11238,"646-292-3920",4635,"2007/1/8 13:42","Bowen"
"385",125,"Lacey",11411,"917-605-3899",4636,"2007/1/8 15:37","Spencer"
"386",153,"Leland",11109,"212-793-5299",4637,"2007/1/8 16:43","Hunter"
"387",146,"Brett",10303,"347-524-8554",4638,"2007/2/8 8:18","Wilkinson"
"388",163,"Donavan",11224,"718-543-2608",4639,"2007/3/8 8:29","Ingram"
"389",153,"Leland",11109,"212-793-5299",4640,"2007/3/8 14:53","Hunter"
"390",62,"Ansley",10173,"917-353-7715",4641,"2007/3/8 16:27","Henson"
"391",167,"Neveah",10019,"646-527-1224",4642,"2007/4/8 13:50","Reynolds"
"392",74,"Zackary",10279,"917-593-3931",4643,"2007/5/8 8:58","Gilliam"
"393",48,"Jaylen",10464,"212-432-9911",4644,"2007/5/8 9:49","Smith"
"394",5,"Cael",10026,"646-623-7673",4645,"2007/5/8 10:15","Glover"
"395",67,"Danny",10309,"917-280-8507",4646,"2007/6/8 8:50","Gray"
"396",80,"Nelson",11109,"646-725-6832",4647,"2007/6/8 14:28","Flynn"
"397",41,"Ryleigh",10302,"917-766-5604",4648,"2007/6/8 15:15","Wilkins"
"398",61,"Rylie",10167,"917-745-5684",4649,"2007/6/8 15:40","Ayala"
"399",47,"Brayan",11239,"347-766-3697",4650,"2007/6/8 16:42","Owens"
"400",161,"Peyton",11216,"646-619-7420",4651,"2007/7/8 11:33","Pace"
"401",19,"Salvador",10028,"347-276-8948",4652,"2007/8/8 8:44","Emerson"
"402",30,"Alexus",10473,"646-223-6544",4653,"2007/8/8 12:02","Crosby"
"403",194,"Kymani",10463,"718-351-9427",4654,"2007/8/8 16:32","Beck"
"404",39,"Damaris",11436,"646-662-5349",4655,"2007/9/8 14:02","Crosby"
"405",76,"Dixie",10103,"917-586-9422",4656,"2007/9/8 14:30","Cruz"
"406",126,"Serena",11363,"718-380-2477",4657,"2007/9/8 16:47","Peters"
"407",100,"Branson",10026,"212-780-2467",4658,"2007/10/8 9:39","Ingram"
"408",146,"Brett",10303,"347-524-8554",4659,"2007/12/8 13:59","Wilkinson"
"409",18,"Jack",11218,"646-522-7235",4660,"07/13/08 15:10","Bruce"
"410",82,"Harry",11370,"917-782-8106",4661,"07/14/08 15:50","Rogers"
"411",191,"Kai",11211,"212-522-5661",4662,"07/15/08 13:51","Sparks"
"412",158,"Alessandro",11209,"917-647-6620",4663,"07/17/08 11:37","Casey"
"413",156,"Jacoby",10045,"917-808-6186",4664,"07/17/08 13:05","Cook"
"414",91,"Pedro",10005,"212-498-6862",4665,"07/17/08 16:00","Payne"
"415",32,"Reese",11208,"212-614-7981",4666,"07/18/08 10:11","Roth"
"416",115,"Mathew",11694,"646-614-8165",4667,"07/18/08 12:28","Harrison"
"417",7,"Jaqueline",10106,"347-409-5439",4668,"07/18/08 15:03","Ewing"
"418",152,"Elianna",10308,"646-819-2778",4669,"07/20/08 08:04","Medina"
"419",5,"Cael",10026,"646-623-7673",4670,"07/20/08 11:20","Glover"
"420",166,"Rihanna",11204,"212-560-3413",4671,"07/20/08 12:35","Guthrie"
"421",2,"Reynaldo",11223,"646-382-3431",4672,"07/20/08 14:31","Harris"
"422",140,"Skylar",10162,"212-592-7909",4673,"07/21/08 10:14","Buck"
"423",131,"Desmond",10122,"917-785-7273",4674,"07/21/08 12:46","Knowles"
"424",155,"Leia",11362,"347-373-6302",4675,"07/22/08 14:21","Schroeder"
"425",94,"Beau",10013,"646-391-9926",4676,"07/22/08 14:47","Ware"
"426",96,"Bailey",10029,"347-840-4080",4677,"07/23/08 08:59","Jordan"
"427",32,"Reese",11208,"212-614-7981",4678,"07/25/08 14:29","Roth"
"428",10,"Aliya",11366,"917-613-6421",4679,"07/25/08 16:09","Hoffman"
"429",183,"Londyn",10470,"917-278-4443",4680,"07/25/08 16:38","Bentley"
"430",56,"Immanuel",11234,"212-671-1389",4681,"07/26/08 12:02","Joyce"
"431",54,"Jayson",11210,"718-708-3598",4682,"07/26/08 13:04","Bullock"
"432",22,"Hadassah",11377,"917-823-9292",4683,"07/27/08 14:54","Abbott"
"433",40,"King",11367,"347-823-6645",4684,"07/28/08 16:44","Rose"
"434",152,"Elianna",10308,"646-819-2778",4685,"07/29/08 12:52","Medina"
"435",1,"Jaylen",10006,"646-376-4466",4686,"07/30/08 10:27","Christensen"
"436",116,"Dylan",10468,"646-576-9372",4687,"07/30/08 15:53","Clark"
"437",192,"Jayden",10037,"347-356-9081",4688,"07/31/08 08:06","Whitfield"
"438",3,"Yandel",10099,"718-510-6575",4689,"07/31/08 09:10","Franklin"
"439",183,"Londyn",10470,"917-278-4443",4690,"2008/1/8 10:29","Bentley"
"440",12,"Angelique",11413,"917-252-3830",4691,"2008/1/8 13:27","Oliver"
"441",41,"Ryleigh",10302,"917-766-5604",4692,"2008/2/8 16:18","Wilkins"
"442",176,"Alison",10165,"917-265-9366",4693,"2008/3/8 10:31","Mays"
"443",105,"Porter",11385,"718-483-5325",4694,"2008/4/8 10:00","Parks"
"444",143,"Jasiah",10468,"347-479-2352",4695,"2008/5/8 15:09","Kirkland"
"445",195,"Darius",10459,"917-444-3708",4696,"2008/6/8 16:19","Travis"
"446",90,"Janiah",11220,"347-346-9229",4697,"2008/7/8 13:57","Kidd"
"447",62,"Ansley",10173,"917-353-7715",4698,"2008/7/8 16:41","Henson"
"448",134,"Karli",11356,"917-716-1314",4699,"2008/7/8 16:49","Henson"
"449",47,"Brayan",11239,"347-766-3697",4700,"2008/8/8 13:28","Owens"
"450",80,"Nelson",11109,"646-725-6832",4701,"2008/9/8 8:41","Flynn"
"451",175,"Bridger",11374,"718-792-7253",4702,"2008/10/8 13:18","Stephenson"
"452",81,"Aileen",11210,"917-426-2147",4703,"2008/11/8 9:04","Johnson"
"453",174,"Charles",11220,"347-312-4725",4704,"2008/11/8 11:39","McCoy"
"454",113,"Regina",11209,"646-614-1481",4705,"2008/12/8 9:14","Brewer"
"455",18,"Jack",11218,"646-522-7235",4706,"08/13/08 16:09","Bruce"
"456",148,"Holden",10118,"212-722-7454",4707,"08/13/08 16:22","Fowler"
"457",104,"Dillon",10118,"212-629-8042",4708,"08/14/08 13:36","Roberson"
"458",111,"Belen",11237,"917-302-6036",4709,"08/15/08 15:56","Hess"
"459",150,"Kaleigh",11422,"718-823-7799",4710,"08/16/08 09:48","Gaines"
"460",170,"Skylar",10469,"212-827-7355",4711,"08/16/08 10:55","Whitfield"
"461",145,"Giuliana",11373,"917-657-9916",4712,"08/17/08 15:31","Miles"
"462",71,"Lucy",10024,"917-661-5442",4713,"08/17/08 16:57","Baldwin"
"463",134,"Karli",11356,"917-716-1314",4714,"08/18/08 11:48","Henson"
"464",182,"Kassidy",10039,"718-660-6567",4715,"08/18/08 12:39","Good"
"465",188,"Makenna",10172,"212-533-9260",4716,"08/19/08 08:04","Joseph"
"466",193,"Savanna",10069,"646-733-3847",4717,"08/20/08 11:19","Oneil"
"467",104,"Dillon",10118,"212-629-8042",4718,"08/20/08 16:13","Roberson"
"468",178,"Maximilian",11217,"212-772-6202",4719,"08/21/08 12:44","Morales"
"469",140,"Skylar",10162,"212-592-7909",4720,"08/21/08 15:37","Buck"
"470",182,"Kassidy",10039,"718-660-6567",4721,"08/23/08 13:40","Good"
"471",31,"Jazmin",11237,"718-294-7531",4722,"08/23/08 14:39","Schmidt"
"472",12,"Angelique",11413,"917-252-3830",4723,"08/24/08 10:03","Oliver"
"473",109,"Jordan",10048,"917-284-9436",4724,"08/24/08 12:30","Scott"
"474",109,"Jordan",10048,"917-284-9436",4725,"08/24/08 12:35","Scott"
"475",159,"Mireya",10110,"718-496-7026",4726,"08/24/08 14:04","Woodard"
"476",20,"Reed",10168,"646-547-6398",4727,"08/26/08 12:10","Flowers"
"477",165,"Cannon",11420,"646-605-8063",4728,"08/27/08 11:01","Berg"
"478",39,"Damaris",11436,"646-662-5349",4729,"08/27/08 13:48","Crosby"
"479",104,"Dillon",10118,"212-629-8042",4730,"08/29/08 08:49","Roberson"
"480",25,"Khalil",11419,"917-361-9803",4731,"08/29/08 10:25","Medina"
"481",108,"Adeline",10111,"718-703-9796",4732,"08/29/08 12:08","Dickerson"
"482",56,"Immanuel",11234,"212-671-1389",4733,"08/30/08 09:40","Joyce"
"483",93,"Vance",10466,"347-314-5165",4734,"08/31/08 12:03","Wilcox"
"484",12,"Angelique",11413,"917-252-3830",4735,"08/31/08 12:32","Oliver"
"485",105,"Porter",11385,"718-483-5325",4736,"08/31/08 15:44","Parks"
"486",20,"Reed",10168,"646-547-6398",4737,"2009/3/8 12:21","Flowers"
"487",32,"Reese",11208,"212-614-7981",4738,"2009/3/8 13:20","Roth"
"488",111,"Belen",11237,"917-302-6036",4739,"2009/3/8 13:39","Hess"
"489",77,"Yair",10468,"347-774-4501",4740,"2009/4/8 12:13","Edwards"
"490",190,"Kaylee",11224,"646-799-3731",4741,"2009/4/8 13:02","Richmond"
"491",14,"Jeramiah",11221,"646-228-5446",4742,"2009/5/8 8:05","Potts"
"492",52,"Jaycee",10014,"347-368-1526",4743,"2009/5/8 8:25","England"
"493",13,"Melvin",10304,"212-836-6512",4744,"2009/5/8 12:03","Buckner"
"494",179,"Carleigh",10021,"646-573-3267",4745,"2009/5/8 14:20","Manning"
"495",124,"Cody",10005,"347-570-3346",4746,"2009/8/8 8:35","Leach"
"496",89,"Irvin",11363,"212-335-8571",4747,"2009/8/8 15:53","Hinton"
"497",49,"Selina",10035,"718-511-4170",4748,"2009/9/8 9:29","Nelson"
"498",135,"Lena",11361,"212-340-5502",4749,"2009/9/8 9:50","Rivera"
"499",127,"Alexia",11422,"718-534-2403",4750,"2009/9/8 11:05","Rasmussen"
"500",41,"Ryleigh",10302,"917-766-5604",4751,"2009/9/8 12:10","Wilkins"
"501",55,"Amy",11375,"646-804-4663",4752,"2009/9/8 15:02","Jarvis"
"502",100,"Branson",10026,"212-780-2467",4753,"2009/10/8 8:32","Ingram"
"503",26,"Jaylan",10123,"212-403-5255",4754,"2009/12/8 13:17","Martin"
"504",8,"Darren",10120,"212-220-3311",4755,"2009/12/8 13:58","Burns"
"505",101,"Anabella",11249,"212-523-6502",4756,"09/13/08 14:00","Nixon"
"506",110,"Kade",10014,"917-336-9522",4757,"09/14/08 13:43","Hood"
"507",68,"Autumn",11366,"917-355-7377",4758,"09/14/08 16:34","Burnett"
"508",142,"Harrison",10112,"718-245-5292",4759,"09/15/08 11:16","Duke"
"509",100,"Branson",10026,"212-780-2467",4760,"09/16/08 11:35","Ingram"
"510",14,"Jeramiah",11221,"646-228-5446",4761,"09/16/08 12:08","Potts"
"511",188,"Makenna",10172,"212-533-9260",4762,"09/17/08 11:45","Joseph"
"512",13,"Melvin",10304,"212-836-6512",4763,"09/20/08 08:56","Buckner"
"513",85,"Elianna",11230,"212-832-9113",4764,"09/21/08 11:00","Kaufman"
"514",185,"Malia",10128,"917-338-2937",4765,"09/21/08 11:42","Bridges"
"515",100,"Branson",10026,"212-780-2467",4766,"09/21/08 12:02","Ingram"
"516",121,"Jazmyn",11414,"917-364-9971",4767,"09/21/08 14:04","Livingston"
"517",117,"Aliza",11697,"917-380-2950",4768,"09/21/08 16:47","Foreman"
"518",55,"Amy",11375,"646-804-4663",4769,"09/21/08 16:54","Jarvis"
"519",140,"Skylar",10162,"212-592-7909",4770,"09/23/08 08:16","Buck"
"520",149,"Savanah",10281,"917-687-6671",4771,"09/23/08 08:21","Forbes"
"521",106,"Briley",11360,"646-234-2097",4772,"09/24/08 10:56","Estrada"
"522",101,"Anabella",11249,"212-523-6502",4773,"09/24/08 15:27","Nixon"
"523",93,"Vance",10466,"347-314-5165",4774,"09/25/08 16:57","Wilcox"
"524",160,"Raegan",10280,"646-813-3328",4775,"09/27/08 16:59","Cantrell"
"525",52,"Jaycee",10014,"347-368-1526",4776,"09/28/08 11:34","England"
"526",63,"Quentin",11207,"347-625-6847",4777,"09/28/08 12:28","Randolph"
"527",182,"Kassidy",10039,"718-660-6567",4778,"09/29/08 08:46","Good"
"528",4,"Lia",11230,"718-664-9574",4779,"09/29/08 09:06","Short"
"529",139,"Quinten",10016,"917-687-2256",4780,"09/30/08 08:52","Hubbard"
"530",55,"Amy",11375,"646-804-4663",4781,"09/30/08 12:51","Jarvis"
"531",101,"Anabella",11249,"212-523-6502",4782,"2010/1/8 8:03","Nixon"
"532",142,"Harrison",10112,"718-245-5292",4783,"2010/1/8 8:31","Duke"
"533",195,"Darius",10459,"917-444-3708",4784,"2010/2/8 11:07","Travis"
"534",62,"Ansley",10173,"917-353-7715",4785,"2010/3/8 14:52","Henson"
"535",175,"Bridger",11374,"718-792-7253",4786,"2010/4/8 10:57","Stephenson"
"536",47,"Brayan",11239,"347-766-3697",4787,"2010/5/8 12:04","Owens"
"537",10,"Aliya",11366,"917-613-6421",4788,"2010/5/8 13:36","Hoffman"
"538",172,"Fernando",10031,"917-669-3112",4789,"2010/5/8 13:59","Rosa"
"539",145,"Giuliana",11373,"917-657-9916",4790,"2010/6/8 11:07","Miles"
"540",1,"Jaylen",10006,"646-376-4466",4791,"2010/6/8 16:08","Christensen"
"541",35,"Amari",10010,"212-525-3571",4792,"2010/7/8 8:23","Parker"
"542",70,"Terrance",10154,"347-642-8572",4793,"2010/7/8 9:50","Forbes"
"543",167,"Neveah",10019,"646-527-1224",4794,"2010/9/8 12:53","Reynolds"
"544",159,"Mireya",10110,"718-496-7026",4795,"2010/11/8 8:14","Woodard"
"545",34,"Adrianna",10032,"646-544-5915",4796,"2010/12/8 9:21","Duncan"
"546",76,"Dixie",10103,"917-586-9422",4797,"2010/12/8 11:58","Cruz"
"547",47,"Brayan",11239,"347-766-3697",4798,"2010/12/8 14:02","Owens"
"548",191,"Kai",11211,"212-522-5661",4799,"2010/12/8 15:09","Sparks"
"549",90,"Janiah",11220,"347-346-9229",4800,"10/13/08 11:18","Kidd"
"550",108,"Adeline",10111,"718-703-9796",4801,"10/14/08 08:36","Dickerson"
"551",64,"Miles",10465,"646-336-1902",4802,"10/14/08 11:45","Burton"
"552",37,"Grace",10158,"646-524-8955",4803,"10/15/08 09:06","Rowe"
"553",166,"Rihanna",11204,"212-560-3413",4804,"10/15/08 12:41","Guthrie"
"554",174,"Charles",11220,"347-312-4725",4805,"10/16/08 08:26","McCoy"
"555",150,"Kaleigh",11422,"718-823-7799",4806,"10/16/08 10:08","Gaines"
"556",19,"Salvador",10028,"347-276-8948",4807,"10/16/08 16:27","Emerson"
"557",41,"Ryleigh",10302,"917-766-5604",4808,"10/18/08 13:37","Wilkins"
"558",167,"Neveah",10019,"646-527-1224",4809,"10/19/08 10:19","Reynolds"
"559",49,"Selina",10035,"718-511-4170",4810,"10/19/08 16:30","Nelson"
"560",9,"Rigoberto",11358,"212-537-6720",4811,"10/20/08 09:06","Mayo"
"561",115,"Mathew",11694,"646-614-8165",4812,"10/20/08 13:45","Harrison"
"562",91,"Pedro",10005,"212-498-6862",4813,"10/21/08 16:41","Payne"
"563",113,"Regina",11209,"646-614-1481",4814,"10/22/08 08:19","Brewer"
"564",175,"Bridger",11374,"718-792-7253",4815,"10/22/08 09:37","Stephenson"
"565",100,"Branson",10026,"212-780-2467",4816,"10/24/08 09:36","Ingram"
"566",136,"Deborah",10302,"718-408-4184",4817,"10/24/08 10:44","Lamb"
"567",72,"Deja",10307,"212-411-1820",4818,"10/25/08 08:59","Lindsey"
"568",5,"Cael",10026,"646-623-7673",4819,"10/25/08 09:37","Glover"
"569",182,"Kassidy",10039,"718-660-6567",4820,"10/25/08 14:51","Good"
"570",131,"Desmond",10122,"917-785-7273",4821,"10/25/08 16:43","Knowles"
"571",109,"Jordan",10048,"917-284-9436",4822,"10/26/08 09:54","Scott"
"572",127,"Alexia",11422,"718-534-2403",4823,"10/26/08 16:28","Rasmussen"
"573",155,"Leia",11362,"347-373-6302",4824,"10/27/08 11:56","Schroeder"
"574",103,"Fabian",10168,"646-523-3121",4825,"10/28/08 08:26","Bryan"
"575",2,"Reynaldo",11223,"646-382-3431",4826,"10/28/08 13:58","Harris"
"576",49,"Selina",10035,"718-511-4170",4827,"10/30/08 09:59","Nelson"
"577",35,"Amari",10010,"212-525-3571",4828,"2011/1/8 9:48","Parker"
"578",47,"Brayan",11239,"347-766-3697",4829,"2011/1/8 10:44","Owens"
"579",110,"Kade",10014,"917-336-9522",4830,"2011/1/8 13:26","Hood"
"580",41,"Ryleigh",10302,"917-766-5604",4831,"2011/2/8 13:59","Wilkins"
"581",42,"Stanley",10314,"212-775-3412",4832,"2011/3/8 10:05","Townsend"
"582",90,"Janiah",11220,"347-346-9229",4833,"2011/3/8 14:08","Kidd"
"583",183,"Londyn",10470,"917-278-4443",4834,"2011/5/8 8:45","Bentley"
"584",167,"Neveah",10019,"646-527-1224",4835,"2011/5/8 15:49","Reynolds"
"585",116,"Dylan",10468,"646-576-9372",4836,"2011/6/8 8:16","Clark"
"586",163,"Donavan",11224,"718-543-2608",4837,"2011/6/8 8:39","Ingram"
"587",181,"Jakobe",10451,"917-728-8534",4838,"2011/6/8 11:22","Miller"
"588",105,"Porter",11385,"718-483-5325",4839,"2011/6/8 12:34","Parks"
"589",50,"Susan",10128,"212-748-5980",4840,"2011/7/8 12:59","Matthews"
"590",54,"Jayson",11210,"718-708-3598",4841,"2011/8/8 8:44","Bullock"
"591",85,"Elianna",11230,"212-832-9113",4842,"2011/8/8 10:50","Kaufman"
"592",150,"Kaleigh",11422,"718-823-7799",4843,"2011/8/8 12:04","Gaines"
"593",148,"Holden",10118,"212-722-7454",4844,"2011/10/8 10:14","Fowler"
"594",55,"Amy",11375,"646-804-4663",4845,"2011/10/8 13:21","Jarvis"
"595",161,"Peyton",11216,"646-619-7420",4846,"2011/10/8 14:25","Pace"
"596",136,"Deborah",10302,"718-408-4184",4847,"2011/11/8 10:03","Lamb"
"597",149,"Savanah",10281,"917-687-6671",4848,"2011/11/8 10:40","Forbes"
"598",41,"Ryleigh",10302,"917-766-5604",4849,"2011/11/8 14:43","Wilkins"
"599",167,"Neveah",10019,"646-527-1224",4850,"2011/12/8 14:55","Reynolds"
"600",112,"Mekhi",11101,"646-537-5741",4851,"11/13/08 15:18","Ramos"
"601",94,"Beau",10013,"646-391-9926",4852,"11/14/08 08:32","Ware"
"602",135,"Lena",11361,"212-340-5502",4853,"11/14/08 13:45","Rivera"
"603",57,"Lia",10451,"347-270-4389",4854,"11/14/08 16:26","Harrell"
"604",131,"Desmond",10122,"917-785-7273",4855,"11/15/08 12:57","Knowles"
"605",117,"Aliza",11697,"917-380-2950",4856,"11/15/08 15:30","Foreman"
"606",87,"Braylon",11241,"347-729-6167",4857,"11/16/08 12:07","Spence"
"607",195,"Darius",10459,"917-444-3708",4858,"11/16/08 13:08","Travis"
"608",100,"Branson",10026,"212-780-2467",4859,"11/16/08 15:31","Ingram"
"609",67,"Danny",10309,"917-280-8507",4860,"11/17/08 08:16","Gray"
"610",147,"Conor",11203,"347-518-5638",4861,"11/17/08 08:17","Weiss"
"611",192,"Jayden",10037,"347-356-9081",4862,"11/18/08 08:13","Whitfield"
"612",37,"Grace",10158,"646-524-8955",4863,"11/18/08 12:20","Rowe"
"613",57,"Lia",10451,"347-270-4389",4864,"11/18/08 16:03","Harrell"
"614",178,"Maximilian",11217,"212-772-6202",4865,"11/19/08 14:02","Morales"
"615",144,"Donna",11421,"917-617-3764",4866,"11/19/08 15:09","Gallegos"
"616",70,"Terrance",10154,"347-642-8572",4867,"11/19/08 15:51","Forbes"
"617",105,"Porter",11385,"718-483-5325",4868,"11/19/08 16:01","Parks"
"618",118,"Kenley",10028,"212-705-8822",4869,"11/20/08 09:59","Hunt"
"619",11,"Luna",10006,"718-771-3686",4870,"11/20/08 11:27","Martinez"
"620",42,"Stanley",10314,"212-775-3412",4871,"11/20/08 13:46","Townsend"
"621",139,"Quinten",10016,"917-687-2256",4872,"11/20/08 16:37","Hubbard"
"622",38,"Dawson",11362,"917-560-5580",4873,"11/22/08 12:27","Rios"
"623",90,"Janiah",11220,"347-346-9229",4874,"11/22/08 15:11","Kidd"
"624",16,"Dayana",10170,"347-385-1742",4875,"11/23/08 14:11","Kidd"
"625",109,"Jordan",10048,"917-284-9436",4876,"11/24/08 11:57","Scott"
"626",124,"Cody",10005,"347-570-3346",4877,"11/24/08 12:52","Leach"
"627",2,"Reynaldo",11223,"646-382-3431",4878,"11/24/08 14:44","Harris"
"628",191,"Kai",11211,"212-522-5661",4879,"11/24/08 15:38","Sparks"
"629",108,"Adeline",10111,"718-703-9796",4880,"11/24/08 16:33","Dickerson"
"630",182,"Kassidy",10039,"718-660-6567",4881,"11/25/08 11:04","Good"
"631",123,"Moses",10015,"917-682-3372",4882,"11/25/08 15:08","Ingram"
"632",102,"Anabelle",11211,"917-728-8694",4883,"11/26/08 14:06","Wilson"
"633",83,"Kamryn",11418,"917-350-9472",4884,"11/27/08 10:07","Hopper"
"634",10,"Aliya",11366,"917-613-6421",4885,"11/27/08 11:38","Hoffman"
"635",8,"Darren",10120,"212-220-3311",4886,"11/27/08 12:25","Burns"
"636",152,"Elianna",10308,"646-819-2778",4887,"11/28/08 11:21","Medina"
"637",48,"Jaylen",10464,"212-432-9911",4888,"11/28/08 12:49","Smith"
"638",148,"Holden",10118,"212-722-7454",4889,"11/30/08 09:17","Fowler"
"639",20,"Reed",10168,"646-547-6398",4890,"11/30/08 12:15","Flowers"
"640",109,"Jordan",10048,"917-284-9436",4891,"2012/1/8 15:09","Scott"
"641",16,"Dayana",10170,"347-385-1742",4892,"2012/3/8 9:43","Kidd"
"642",139,"Quinten",10016,"917-687-2256",4893,"2012/3/8 11:45","Hubbard"
"643",90,"Janiah",11220,"347-346-9229",4894,"2012/3/8 12:57","Kidd"
"644",145,"Giuliana",11373,"917-657-9916",4895,"2012/3/8 16:40","Miles"
"645",59,"Desiree",11432,"646-270-2996",4896,"2012/5/8 14:01","Melton"
"646",153,"Leland",11109,"212-793-5299",4897,"2012/6/8 14:47","Hunter"
"647",1,"Jaylen",10006,"646-376-4466",4898,"2012/6/8 15:50","Christensen"
"648",107,"Elliana",10174,"917-830-8782",4899,"2012/7/8 16:26","Pratt"
"649",139,"Quinten",10016,"917-687-2256",4900,"2012/9/8 14:31","Hubbard"
"650",115,"Mathew",11694,"646-614-8165",4901,"2012/10/8 8:59","Harrison"
"651",67,"Danny",10309,"917-280-8507",4902,"2012/10/8 11:31","Gray"
"652",136,"Deborah",10302,"718-408-4184",4903,"2012/11/8 15:58","Lamb"
"653",145,"Giuliana",11373,"917-657-9916",4904,"2012/12/8 11:28","Miles"
"654",33,"Presley",11357,"646-358-6884",4905,"12/13/08 11:16","Padilla"
"655",183,"Londyn",10470,"917-278-4443",4906,"12/13/08 11:36","Bentley"
"656",135,"Lena",11361,"212-340-5502",4907,"12/15/08 14:02","Rivera"
"657",106,"Briley",11360,"646-234-2097",4908,"12/15/08 16:10","Estrada"
"658",4,"Lia",11230,"718-664-9574",4909,"12/15/08 16:33","Short"
"659",121,"Jazmyn",11414,"917-364-9971",4910,"12/16/08 09:41","Livingston"
"660",133,"Katherine",11216,"347-589-7132",4911,"12/16/08 11:37","Turner"
"661",106,"Briley",11360,"646-234-2097",4912,"12/16/08 16:34","Estrada"
"662",97,"Reina",11435,"917-817-8225",4913,"12/17/08 13:21","Hester"
"663",28,"Tristin",10467,"212-510-3235",4914,"12/17/08 14:38","Barron"
"664",168,"Kierra",11101,"718-451-2157",4915,"12/17/08 15:32","Holmes"
"665",56,"Immanuel",11234,"212-671-1389",4916,"12/17/08 15:43","Joyce"
"666",3,"Yandel",10099,"718-510-6575",4917,"12/18/08 15:36","Franklin"
"667",129,"Deven",11693,"646-246-7524",4918,"12/19/08 09:08","Graham"
"668",117,"Aliza",11697,"917-380-2950",4919,"12/19/08 09:20","Foreman"
"669",105,"Porter",11385,"718-483-5325",4920,"12/19/08 12:17","Parks"
"670",63,"Quentin",11207,"347-625-6847",4921,"12/20/08 08:57","Randolph"
"671",63,"Quentin",11207,"347-625-6847",4922,"12/20/08 14:41","Randolph"
"672",30,"Alexus",10473,"646-223-6544",4923,"12/20/08 16:33","Crosby"
"673",66,"Yaritza",11234,"718-746-4988",4924,"12/21/08 11:06","Andrews"
"674",69,"Sarah",11417,"917-811-9147",4925,"12/23/08 10:20","Velazquez"
"675",105,"Porter",11385,"718-483-5325",4926,"12/23/08 15:01","Parks"
"676",78,"Octavio",11218,"212-423-2062",4927,"12/24/08 08:27","Whitehead"
"677",119,"Tatiana",10451,"718-457-2953",4928,"12/24/08 12:09","Davidson"
"678",111,"Belen",11237,"917-302-6036",4929,"12/24/08 13:10","Hess"
"679",39,"Damaris",11436,"646-662-5349",4930,"12/25/08 13:12","Crosby"
"680",84,"Makhi",10451,"917-612-4762",4931,"12/26/08 10:28","Robles"
"681",194,"Kymani",10463,"718-351-9427",4932,"12/26/08 11:40","Beck"
"682",151,"Kaiya",10457,"347-829-1136",4933,"12/27/08 16:18","Hull"
"683",61,"Rylie",10167,"917-745-5684",4934,"12/28/08 12:10","Ayala"
"684",135,"Lena",11361,"212-340-5502",4935,"12/28/08 13:16","Rivera"
"685",87,"Braylon",11241,"347-729-6167",4936,"12/28/08 14:33","Spence"
"686",163,"Donavan",11224,"718-543-2608",4937,"12/29/08 12:17","Ingram"
"687",166,"Rihanna",11204,"212-560-3413",4938,"12/29/08 13:31","Guthrie"
"688",73,"Colby",10007,"646-772-2257",4939,"12/30/08 09:19","Atkinson"
"689",175,"Bridger",11374,"718-792-7253",4940,"12/30/08 13:42","Stephenson"
"690",74,"Zackary",10279,"917-593-3931",4941,"12/31/08 09:12","Gilliam"
"691",52,"Jaycee",10014,"347-368-1526",4942,"12/31/08 12:41","England"
"692",115,"Mathew",11694,"646-614-8165",4943,"2001/1/9 9:27","Harrison"
"693",19,"Salvador",10028,"347-276-8948",4944,"2001/1/9 12:23","Emerson"
"694",126,"Serena",11363,"718-380-2477",4945,"2001/2/9 9:20","Peters"
"695",35,"Amari",10010,"212-525-3571",4946,"2001/2/9 12:36","Parker"
"696",73,"Colby",10007,"646-772-2257",4947,"2001/3/9 11:24","Atkinson"
"697",108,"Adeline",10111,"718-703-9796",4948,"2001/4/9 13:08","Dickerson"
"698",35,"Amari",10010,"212-525-3571",4949,"2001/4/9 16:23","Parker"
"699",109,"Jordan",10048,"917-284-9436",4950,"2001/6/9 14:26","Scott"
"700",161,"Peyton",11216,"646-619-7420",4951,"2001/7/9 8:14","Pace"
"701",108,"Adeline",10111,"718-703-9796",4952,"2001/7/9 11:12","Dickerson"
"702",62,"Ansley",10173,"917-353-7715",4953,"2001/7/9 15:33","Henson"
"703",174,"Charles",11220,"347-312-4725",4954,"2001/7/9 16:45","McCoy"
"704",55,"Amy",11375,"646-804-4663",4955,"2001/8/9 10:45","Jarvis"
"705",117,"Aliza",11697,"917-380-2950",4956,"2001/8/9 12:01","Foreman"
"706",154,"Landyn",10166,"347-320-2243",4957,"2001/9/9 10:07","Pitts"
"707",49,"Selina",10035,"718-511-4170",4958,"2001/9/9 10:57","Nelson"
"708",174,"Charles",11220,"347-312-4725",4959,"2001/9/9 14:28","McCoy"
"709",177,"Aaliyah",10169,"646-354-5674",4960,"2001/10/9 9:46","Stephenson"
"710",84,"Makhi",10451,"917-612-4762",4961,"2001/11/9 9:17","Robles"
"711",125,"Lacey",11411,"917-605-3899",4962,"2001/11/9 12:06","Spencer"
"712",1,"Jaylen",10006,"646-376-4466",4963,"2001/11/9 15:20","Christensen"
"713",170,"Skylar",10469,"212-827-7355",4964,"01/13/09 08:02","Whitfield"
"714",142,"Harrison",10112,"718-245-5292",4965,"01/13/09 11:52","Duke"
"715",31,"Jazmin",11237,"718-294-7531",4966,"01/14/09 09:05","Schmidt"
"716",47,"Brayan",11239,"347-766-3697",4967,"01/15/09 09:08","Owens"
"717",183,"Londyn",10470,"917-278-4443",4968,"01/15/09 16:22","Bentley"
"718",41,"Ryleigh",10302,"917-766-5604",4969,"01/15/09 16:40","Wilkins"
"719",50,"Susan",10128,"212-748-5980",4970,"01/17/09 10:24","Matthews"
"720",67,"Danny",10309,"917-280-8507",4971,"01/17/09 12:36","Gray"
"721",149,"Savanah",10281,"917-687-6671",4972,"01/18/09 08:21","Forbes"
"722",170,"Skylar",10469,"212-827-7355",4973,"01/18/09 09:10","Whitfield"
"723",48,"Jaylen",10464,"212-432-9911",4974,"01/18/09 13:11","Smith"
"724",140,"Skylar",10162,"212-592-7909",4975,"01/19/09 08:11","Buck"
"725",44,"Ciara",10010,"917-738-7813",4976,"01/19/09 08:53","Nunez"
"726",90,"Janiah",11220,"347-346-9229",4977,"01/20/09 15:56","Kidd"
"727",99,"Kyla",11368,"646-352-2431",4978,"01/20/09 16:50","Shannon"
"728",53,"Eve",11372,"917-719-1929",4979,"01/21/09 14:27","Lindsey"
"729",97,"Reina",11435,"917-817-8225",4980,"01/22/09 10:46","Hester"
"730",158,"Alessandro",11209,"917-647-6620",4981,"01/22/09 11:41","Casey"
"731",185,"Malia",10128,"917-338-2937",4982,"01/22/09 14:17","Bridges"
"732",119,"Tatiana",10451,"718-457-2953",4983,"01/22/09 14:51","Davidson"
"733",140,"Skylar",10162,"212-592-7909",4984,"01/22/09 15:30","Buck"
"734",111,"Belen",11237,"917-302-6036",4985,"01/23/09 14:42","Hess"
"735",186,"Quintin",11413,"917-363-2471",4986,"01/26/09 10:35","McConnell"
"736",42,"Stanley",10314,"212-775-3412",4987,"01/27/09 12:42","Townsend"
"737",2,"Reynaldo",11223,"646-382-3431",4988,"01/28/09 08:39","Harris"
"738",37,"Grace",10158,"646-524-8955",4989,"01/29/09 12:19","Rowe"
"739",85,"Elianna",11230,"212-832-9113",4990,"01/29/09 12:33","Kaufman"
"740",70,"Terrance",10154,"347-642-8572",4991,"01/29/09 16:09","Forbes"
"741",17,"Gemma",10069,"646-768-1792",4992,"01/29/09 16:14","Donovan"
"742",139,"Quinten",10016,"917-687-2256",4993,"01/30/09 08:50","Hubbard"
"743",134,"Karli",11356,"917-716-1314",4994,"01/30/09 10:47","Henson"
"744",84,"Makhi",10451,"917-612-4762",4995,"01/31/09 15:36","Robles"
"745",169,"Eduardo",10453,"646-595-2549",4996,"01/31/09 16:37","Jimenez"
"746",192,"Jayden",10037,"347-356-9081",4997,"2002/2/9 10:07","Whitfield"
"747",49,"Selina",10035,"718-511-4170",4998,"2002/2/9 12:19","Nelson"
"748",33,"Presley",11357,"646-358-6884",4999,"2002/2/9 13:20","Padilla"
"749",25,"Khalil",11419,"917-361-9803",5000,"2002/3/9 13:58","Medina"
"750",190,"Kaylee",11224,"646-799-3731",5001,"2002/3/9 15:02","Richmond"
"751",139,"Quinten",10016,"917-687-2256",5002,"2002/4/9 12:14","Hubbard"
"752",48,"Jaylen",10464,"212-432-9911",5003,"2002/4/9 14:03","Smith"
"753",62,"Ansley",10173,"917-353-7715",5004,"2002/5/9 8:43","Henson"
"754",90,"Janiah",11220,"347-346-9229",5005,"2002/6/9 8:26","Kidd"
"755",52,"Jaycee",10014,"347-368-1526",5006,"2002/7/9 14:07","England"
"756",128,"Conner",11204,"646-775-3686",5007,"2002/7/9 16:05","Hinton"
"757",194,"Kymani",10463,"718-351-9427",5008,"2002/9/9 8:38","Beck"
"758",131,"Desmond",10122,"917-785-7273",5009,"2002/10/9 8:14","Knowles"
"759",160,"Raegan",10280,"646-813-3328",5010,"2002/10/9 10:45","Cantrell"
"760",149,"Savanah",10281,"917-687-6671",5011,"2002/10/9 11:35","Forbes"
"761",62,"Ansley",10173,"917-353-7715",5012,"2002/10/9 12:04","Henson"
"762",11,"Luna",10006,"718-771-3686",5013,"2002/10/9 13:54","Martinez"
"763",52,"Jaycee",10014,"347-368-1526",5014,"2002/10/9 15:00","England"
"764",119,"Tatiana",10451,"718-457-2953",5015,"2002/11/9 13:14","Davidson"
"765",153,"Leland",11109,"212-793-5299",5016,"2002/12/9 8:26","Hunter"
"766",74,"Zackary",10279,"917-593-3931",5017,"2002/12/9 8:46","Gilliam"
"767",124,"Cody",10005,"347-570-3346",5018,"2002/12/9 12:34","Leach"
"768",64,"Miles",10465,"646-336-1902",5019,"2002/12/9 15:45","Burton"
"769",87,"Braylon",11241,"347-729-6167",5020,"02/13/09 11:23","Spence"
"770",170,"Skylar",10469,"212-827-7355",5021,"02/14/09 08:59","Whitfield"
"771",171,"Savanah",11379,"212-358-3769",5022,"02/15/09 08:11","Fernandez"
"772",124,"Cody",10005,"347-570-3346",5023,"02/15/09 13:40","Leach"
"773",14,"Jeramiah",11221,"646-228-5446",5024,"02/15/09 15:51","Potts"
"774",10,"Aliya",11366,"917-613-6421",5025,"02/16/09 08:53","Hoffman"
"775",37,"Grace",10158,"646-524-8955",5026,"02/16/09 12:56","Rowe"
"776",101,"Anabella",11249,"212-523-6502",5027,"02/16/09 12:56","Nixon"
"777",156,"Jacoby",10045,"917-808-6186",5028,"02/19/09 08:14","Cook"
"778",195,"Darius",10459,"917-444-3708",5029,"02/19/09 11:39","Travis"
"779",89,"Irvin",11363,"212-335-8571",5030,"02/19/09 11:56","Hinton"
"780",46,"Maurice",10471,"212-470-2697",5031,"02/19/09 13:31","Tran"
"781",145,"Giuliana",11373,"917-657-9916",5032,"02/19/09 15:27","Miles"
"782",177,"Aaliyah",10169,"646-354-5674",5033,"02/19/09 16:36","Stephenson"
"783",52,"Jaycee",10014,"347-368-1526",5034,"02/20/09 09:21","England"
"784",80,"Nelson",11109,"646-725-6832",5035,"02/20/09 09:27","Flynn"
"785",7,"Jaqueline",10106,"347-409-5439",5036,"02/20/09 10:49","Ewing"
"786",68,"Autumn",11366,"917-355-7377",5037,"02/20/09 13:10","Burnett"
"787",115,"Mathew",11694,"646-614-8165",5038,"02/21/09 08:45","Harrison"
"788",148,"Holden",10118,"212-722-7454",5039,"02/21/09 12:34","Fowler"
"789",33,"Presley",11357,"646-358-6884",5040,"02/22/09 08:22","Padilla"
"790",106,"Briley",11360,"646-234-2097",5041,"02/22/09 08:56","Estrada"
"791",19,"Salvador",10028,"347-276-8948",5042,"02/22/09 10:05","Emerson"
"792",108,"Adeline",10111,"718-703-9796",5043,"02/23/09 09:02","Dickerson"
"793",87,"Braylon",11241,"347-729-6167",5044,"02/23/09 15:53","Spence"
"794",163,"Donavan",11224,"718-543-2608",5045,"02/24/09 09:34","Ingram"
"795",105,"Porter",11385,"718-483-5325",5046,"02/24/09 16:01","Parks"
"796",5,"Cael",10026,"646-623-7673",5047,"02/25/09 10:20","Glover"
"797",37,"Grace",10158,"646-524-8955",5048,"02/27/09 15:15","Rowe"
"798",55,"Amy",11375,"646-804-4663",5049,"02/27/09 16:22","Jarvis"
"799",31,"Jazmin",11237,"718-294-7531",5050,"02/27/09 16:26","Schmidt"
"800",133,"Katherine",11216,"347-589-7132",5051,"02/28/09 08:55","Turner"
"801",76,"Dixie",10103,"917-586-9422",5052,"02/28/09 15:48","Cruz"
"802",113,"Regina",11209,"646-614-1481",5053,"2003/1/9 10:14","Brewer"
"803",144,"Donna",11421,"917-617-3764",5054,"2003/2/9 10:15","Gallegos"
"804",160,"Raegan",10280,"646-813-3328",5055,"2003/2/9 10:20","Cantrell"
"805",154,"Landyn",10166,"347-320-2243",5056,"2003/2/9 16:24","Pitts"
"806",167,"Neveah",10019,"646-527-1224",5057,"2003/3/9 10:44","Reynolds"
"807",88,"Alfonso",11225,"347-656-8233",5058,"2003/3/9 11:23","Gilbert"
"808",11,"Luna",10006,"718-771-3686",5059,"2003/4/9 15:03","Martinez"
"809",146,"Brett",10303,"347-524-8554",5060,"2003/4/9 15:18","Wilkinson"
"810",176,"Alison",10165,"917-265-9366",5061,"2003/4/9 15:44","Mays"
"811",101,"Anabella",11249,"212-523-6502",5062,"2003/7/9 9:49","Nixon"
"812",124,"Cody",10005,"347-570-3346",5063,"2003/7/9 10:23","Leach"
"813",95,"Matthias",11411,"347-329-7260",5064,"2003/7/9 13:22","Clemons"
"814",85,"Elianna",11230,"212-832-9113",5065,"2003/7/9 13:55","Kaufman"
"815",70,"Terrance",10154,"347-642-8572",5066,"2003/7/9 14:17","Forbes"
"816",160,"Raegan",10280,"646-813-3328",5067,"2003/7/9 14:45","Cantrell"
"817",117,"Aliza",11697,"917-380-2950",5068,"2003/9/9 9:13","Foreman"
"818",57,"Lia",10451,"347-270-4389",5069,"2003/10/9 12:01","Harrell"
"819",39,"Damaris",11436,"646-662-5349",5070,"2003/11/9 12:45","Crosby"
"820",120,"Kiana",11428,"347-248-5713",5071,"2003/11/9 13:46","Maddox"
"821",175,"Bridger",11374,"718-792-7253",5072,"2003/12/9 8:10","Stephenson"
"822",18,"Jack",11218,"646-522-7235",5073,"2003/12/9 9:51","Bruce"
"823",12,"Angelique",11413,"917-252-3830",5074,"2003/12/9 12:18","Oliver"
"824",37,"Grace",10158,"646-524-8955",5075,"03/13/09 09:43","Rowe"
"825",151,"Kaiya",10457,"347-829-1136",5076,"03/13/09 10:06","Hull"
"826",98,"Brenden",10015,"646-812-7298",5077,"03/13/09 10:20","Rasmussen"
"827",54,"Jayson",11210,"718-708-3598",5078,"03/13/09 15:49","Bullock"
"828",37,"Grace",10158,"646-524-8955",5079,"03/14/09 15:27","Rowe"
"829",124,"Cody",10005,"347-570-3346",5080,"03/15/09 08:02","Leach"
"830",108,"Adeline",10111,"718-703-9796",5081,"03/17/09 09:25","Dickerson"
"831",1,"Jaylen",10006,"646-376-4466",5082,"03/17/09 11:13","Christensen"
"832",46,"Maurice",10471,"212-470-2697",5083,"03/18/09 10:19","Tran"
"833",83,"Kamryn",11418,"917-350-9472",5084,"03/18/09 11:31","Hopper"
"834",87,"Braylon",11241,"347-729-6167",5085,"03/19/09 14:11","Spence"
"835",68,"Autumn",11366,"917-355-7377",5086,"03/20/09 11:24","Burnett"
"836",53,"Eve",11372,"917-719-1929",5087,"03/21/09 14:49","Lindsey"
"837",167,"Neveah",10019,"646-527-1224",5088,"03/22/09 09:21","Reynolds"
"838",83,"Kamryn",11418,"917-350-9472",5089,"03/22/09 12:06","Hopper"
"839",41,"Ryleigh",10302,"917-766-5604",5090,"03/22/09 15:47","Wilkins"
"840",156,"Jacoby",10045,"917-808-6186",5091,"03/22/09 16:15","Cook"
"841",4,"Lia",11230,"718-664-9574",5092,"03/23/09 09:54","Short"
"842",97,"Reina",11435,"917-817-8225",5093,"03/23/09 16:46","Hester"
"843",25,"Khalil",11419,"917-361-9803",5094,"03/24/09 08:53","Medina"
"844",154,"Landyn",10166,"347-320-2243",5095,"03/24/09 09:03","Pitts"
"845",91,"Pedro",10005,"212-498-6862",5096,"03/24/09 12:20","Payne"
"846",95,"Matthias",11411,"347-329-7260",5097,"03/24/09 13:10","Clemons"
"847",121,"Jazmyn",11414,"917-364-9971",5098,"03/24/09 13:17","Livingston"
"848",194,"Kymani",10463,"718-351-9427",5099,"03/24/09 14:44","Beck"
"849",85,"Elianna",11230,"212-832-9113",5100,"03/25/09 09:45","Kaufman"
"850",89,"Irvin",11363,"212-335-8571",5101,"03/25/09 12:51","Hinton"
"851",176,"Alison",10165,"917-265-9366",5102,"03/26/09 10:43","Mays"
"852",80,"Nelson",11109,"646-725-6832",5103,"03/26/09 15:45","Flynn"
"853",126,"Serena",11363,"718-380-2477",5104,"03/26/09 16:16","Peters"
"854",76,"Dixie",10103,"917-586-9422",5105,"03/27/09 12:47","Cruz"
"855",46,"Maurice",10471,"212-470-2697",5106,"03/27/09 13:00","Tran"
"856",65,"Isaias",10471,"212-716-6333",5107,"03/27/09 13:49","Moon"
"857",5,"Cael",10026,"646-623-7673",5108,"03/28/09 11:50","Glover"
"858",178,"Maximilian",11217,"212-772-6202",5109,"03/28/09 14:55","Morales"
"859",93,"Vance",10466,"347-314-5165",5110,"03/29/09 11:03","Wilcox"
"860",116,"Dylan",10468,"646-576-9372",5111,"03/30/09 11:46","Clark"
"861",74,"Zackary",10279,"917-593-3931",5112,"03/31/09 08:56","Gilliam"
"862",35,"Amari",10010,"212-525-3571",5113,"03/31/09 16:24","Parker"
"863",12,"Angelique",11413,"917-252-3830",5114,"03/31/09 16:36","Oliver"
"864",191,"Kai",11211,"212-522-5661",5115,"2004/1/9 8:46","Sparks"
"865",158,"Alessandro",11209,"917-647-6620",5116,"2004/1/9 9:43","Casey"
"866",27,"Aaden",11233,"212-683-8794",5117,"2004/1/9 13:49","Lowe"
"867",6,"Patrick",11222,"917-284-5780",5118,"2004/4/9 12:51","Hodge"
"868",169,"Eduardo",10453,"646-595-2549",5119,"2004/4/9 13:15","Jimenez"
"869",72,"Deja",10307,"212-411-1820",5120,"2004/4/9 13:24","Lindsey"
"870",157,"Valentino",11208,"212-745-3651",5121,"2004/4/9 16:30","Ford"
"871",140,"Skylar",10162,"212-592-7909",5122,"2004/5/9 13:12","Buck"
"872",36,"Kendrick",11434,"917-650-7989",5123,"2004/6/9 9:08","Floyd"
"873",11,"Luna",10006,"718-771-3686",5124,"2004/6/9 10:45","Martinez"
"874",119,"Tatiana",10451,"718-457-2953",5125,"2004/6/9 11:10","Davidson"
"875",64,"Miles",10465,"646-336-1902",5126,"2004/6/9 13:31","Burton"
"876",122,"Ismael",10041,"212-439-5421",5127,"2004/6/9 13:48","Washington"
"877",56,"Immanuel",11234,"212-671-1389",5128,"2004/6/9 16:01","Joyce"
"878",113,"Regina",11209,"646-614-1481",5129,"2004/7/9 15:54","Brewer"
"879",88,"Alfonso",11225,"347-656-8233",5130,"2004/7/9 16:16","Gilbert"
"880",42,"Stanley",10314,"212-775-3412",5131,"2004/8/9 10:23","Townsend"
"881",31,"Jazmin",11237,"718-294-7531",5132,"2004/8/9 11:05","Schmidt"
"882",9,"Rigoberto",11358,"212-537-6720",5133,"2004/9/9 12:19","Mayo"
"883",40,"King",11367,"347-823-6645",5134,"2004/9/9 13:40","Rose"
"884",106,"Briley",11360,"646-234-2097",5135,"2004/12/9 10:57","Estrada"
"885",152,"Elianna",10308,"646-819-2778",5136,"04/14/09 09:39","Medina"
"886",165,"Cannon",11420,"646-605-8063",5137,"04/14/09 14:59","Berg"
"887",168,"Kierra",11101,"718-451-2157",5138,"04/14/09 16:14","Holmes"
"888",160,"Raegan",10280,"646-813-3328",5139,"04/14/09 16:43","Cantrell"
"889",18,"Jack",11218,"646-522-7235",5140,"04/15/09 08:04","Bruce"
"890",66,"Yaritza",11234,"718-746-4988",5141,"04/15/09 10:05","Andrews"
"891",119,"Tatiana",10451,"718-457-2953",5142,"04/16/09 12:30","Davidson"
"892",2,"Reynaldo",11223,"646-382-3431",5143,"04/16/09 15:58","Harris"
"893",17,"Gemma",10069,"646-768-1792",5144,"04/17/09 08:37","Donovan"
"894",42,"Stanley",10314,"212-775-3412",5145,"04/18/09 09:00","Townsend"
"895",160,"Raegan",10280,"646-813-3328",5146,"04/19/09 10:09","Cantrell"
"896",131,"Desmond",10122,"917-785-7273",5147,"04/19/09 10:25","Knowles"
"897",143,"Jasiah",10468,"347-479-2352",5148,"04/19/09 12:31","Kirkland"
"898",117,"Aliza",11697,"917-380-2950",5149,"04/19/09 14:25","Foreman"
"899",172,"Fernando",10031,"917-669-3112",5150,"04/19/09 16:50","Rosa"
"900",188,"Makenna",10172,"212-533-9260",5151,"04/20/09 08:05","Joseph"
"901",22,"Hadassah",11377,"917-823-9292",5152,"04/20/09 11:54","Abbott"
"902",12,"Angelique",11413,"917-252-3830",5153,"04/20/09 16:18","Oliver"
"903",68,"Autumn",11366,"917-355-7377",5154,"04/21/09 13:23","Burnett"
"904",105,"Porter",11385,"718-483-5325",5155,"04/21/09 13:53","Parks"
"905",156,"Jacoby",10045,"917-808-6186",5156,"04/21/09 16:43","Cook"
"906",62,"Ansley",10173,"917-353-7715",5157,"04/23/09 11:43","Henson"
"907",48,"Jaylen",10464,"212-432-9911",5158,"04/23/09 12:36","Smith"
"908",18,"Jack",11218,"646-522-7235",5159,"04/24/09 08:08","Bruce"
"909",133,"Katherine",11216,"347-589-7132",5160,"04/24/09 14:57","Turner"
"910",156,"Jacoby",10045,"917-808-6186",5161,"04/24/09 16:59","Cook"
"911",5,"Cael",10026,"646-623-7673",5162,"04/25/09 10:52","Glover"
"912",75,"Remington",11693,"917-843-4608",5163,"04/26/09 10:24","Farrell"
"913",187,"Krista",11217,"917-631-6768",5164,"04/26/09 13:06","Emerson"
"914",149,"Savanah",10281,"917-687-6671",5165,"04/27/09 16:51","Forbes"
"915",126,"Serena",11363,"718-380-2477",5166,"04/28/09 08:17","Peters"
"916",13,"Melvin",10304,"212-836-6512",5167,"04/28/09 09:19","Buckner"
"917",83,"Kamryn",11418,"917-350-9472",5168,"04/28/09 10:11","Hopper"
"918",110,"Kade",10014,"917-336-9522",5169,"04/28/09 12:01","Hood"
"919",111,"Belen",11237,"917-302-6036",5170,"04/28/09 16:50","Hess"
"920",127,"Alexia",11422,"718-534-2403",5171,"04/29/09 13:38","Rasmussen"
"921",170,"Skylar",10469,"212-827-7355",5172,"04/30/09 15:35","Whitfield"
"922",153,"Leland",11109,"212-793-5299",5173,"04/30/09 16:50","Hunter"
"923",50,"Susan",10128,"212-748-5980",5174,"2005/1/9 9:33","Matthews"
"924",70,"Terrance",10154,"347-642-8572",5175,"2005/1/9 11:35","Forbes"
"925",132,"Jayda",11105,"718-658-3906",5176,"2005/1/9 13:20","Crawford"
"926",35,"Amari",10010,"212-525-3571",5177,"2005/1/9 14:32","Parker"
"927",174,"Charles",11220,"347-312-4725",5178,"2005/1/9 15:04","McCoy"
"928",42,"Stanley",10314,"212-775-3412",5179,"2005/2/9 11:14","Townsend"
"929",119,"Tatiana",10451,"718-457-2953",5180,"2005/3/9 9:32","Davidson"
"930",137,"Amya",11422,"347-350-9310",5181,"2005/3/9 10:51","Walton"
"931",99,"Kyla",11368,"646-352-2431",5182,"2005/3/9 10:59","Shannon"
"932",20,"Reed",10168,"646-547-6398",5183,"2005/3/9 14:44","Flowers"
"933",63,"Quentin",11207,"347-625-6847",5184,"2005/3/9 16:24","Randolph"
"934",2,"Reynaldo",11223,"646-382-3431",5185,"2005/4/9 8:36","Harris"
"935",162,"Stella",10161,"646-404-6826",5186,"2005/4/9 13:03","Leon"
"936",121,"Jazmyn",11414,"917-364-9971",5187,"2005/4/9 13:29","Livingston"
"937",178,"Maximilian",11217,"212-772-6202",5188,"2005/4/9 13:53","Morales"
"938",30,"Alexus",10473,"646-223-6544",5189,"2005/5/9 9:22","Crosby"
"939",67,"Danny",10309,"917-280-8507",5190,"2005/5/9 15:08","Gray"
"940",14,"Jeramiah",11221,"646-228-5446",5191,"2005/5/9 16:55","Potts"
"941",113,"Regina",11209,"646-614-1481",5192,"2005/6/9 11:39","Brewer"
"942",83,"Kamryn",11418,"917-350-9472",5193,"2005/6/9 13:01","Hopper"
"943",124,"Cody",10005,"347-570-3346",5194,"2005/7/9 12:57","Leach"
"944",186,"Quintin",11413,"917-363-2471",5195,"2005/7/9 13:52","McConnell"
"945",184,"Hallie",10107,"646-463-4607",5196,"2005/8/9 13:07","Casey"
"946",143,"Jasiah",10468,"347-479-2352",5197,"2005/8/9 16:13","Kirkland"
"947",187,"Krista",11217,"917-631-6768",5198,"2005/9/9 8:01","Emerson"
"948",182,"Kassidy",10039,"718-660-6567",5199,"2005/9/9 14:39","Good"
"949",85,"Elianna",11230,"212-832-9113",5200,"2005/10/9 8:51","Kaufman"
"950",100,"Branson",10026,"212-780-2467",5201,"2005/10/9 13:22","Ingram"
"951",51,"Derek",11362,"347-716-1227",5202,"2005/10/9 13:48","Oliver"
"952",136,"Deborah",10302,"718-408-4184",5203,"2005/11/9 8:54","Lamb"
"953",176,"Alison",10165,"917-265-9366",5204,"2005/11/9 14:17","Mays"
"954",81,"Aileen",11210,"917-426-2147",5205,"2005/12/9 11:20","Johnson"
"955",60,"Evie",11360,"347-379-6271",5206,"2005/12/9 14:49","Beasley"
"956",144,"Donna",11421,"917-617-3764",5207,"2005/12/9 16:50","Gallegos"
"957",134,"Karli",11356,"917-716-1314",5208,"05/13/09 08:43","Henson"
"958",128,"Conner",11204,"646-775-3686",5209,"05/13/09 11:20","Hinton"
"959",67,"Danny",10309,"917-280-8507",5210,"05/13/09 15:31","Gray"
"960",153,"Leland",11109,"212-793-5299",5211,"05/14/09 14:20","Hunter"
"961",61,"Rylie",10167,"917-745-5684",5212,"05/15/09 12:34","Ayala"
"962",54,"Jayson",11210,"718-708-3598",5213,"05/15/09 16:11","Bullock"
"963",167,"Neveah",10019,"646-527-1224",5214,"05/15/09 16:20","Reynolds"
"964",178,"Maximilian",11217,"212-772-6202",5215,"05/16/09 10:51","Morales"
"965",16,"Dayana",10170,"347-385-1742",5216,"05/16/09 11:03","Kidd"
"966",146,"Brett",10303,"347-524-8554",5217,"05/17/09 09:45","Wilkinson"
"967",158,"Alessandro",11209,"917-647-6620",5218,"05/18/09 13:19","Casey"
"968",56,"Immanuel",11234,"212-671-1389",5219,"05/18/09 13:53","Joyce"
"969",179,"Carleigh",10021,"646-573-3267",5220,"05/18/09 15:03","Manning"
"970",22,"Hadassah",11377,"917-823-9292",5221,"05/19/09 09:33","Abbott"
"971",2,"Reynaldo",11223,"646-382-3431",5222,"05/19/09 15:14","Harris"
"972",144,"Donna",11421,"917-617-3764",5223,"05/21/09 08:12","Gallegos"
"973",168,"Kierra",11101,"718-451-2157",5224,"05/21/09 16:43","Holmes"
"974",1,"Jaylen",10006,"646-376-4466",5225,"05/22/09 14:58","Christensen"
"975",127,"Alexia",11422,"718-534-2403",5226,"05/23/09 14:04","Rasmussen"
"976",110,"Kade",10014,"917-336-9522",5227,"05/25/09 09:39","Hood"
"977",175,"Bridger",11374,"718-792-7253",5228,"05/25/09 14:23","Stephenson"
"978",27,"Aaden",11233,"212-683-8794",5229,"05/25/09 16:39","Lowe"
"979",98,"Brenden",10015,"646-812-7298",5230,"05/26/09 11:50","Rasmussen"
"980",100,"Branson",10026,"212-780-2467",5231,"05/26/09 15:25","Ingram"
"981",51,"Derek",11362,"347-716-1227",5232,"05/27/09 08:14","Oliver"
"982",158,"Alessandro",11209,"917-647-6620",5233,"05/27/09 09:46","Casey"
"983",70,"Terrance",10154,"347-642-8572",5234,"05/27/09 15:04","Forbes"
"984",25,"Khalil",11419,"917-361-9803",5235,"05/28/09 15:59","Medina"
"985",113,"Regina",11209,"646-614-1481",5236,"05/29/09 12:43","Brewer"
"986",51,"Derek",11362,"347-716-1227",5237,"05/29/09 15:48","Oliver"
"987",74,"Zackary",10279,"917-593-3931",5238,"05/29/09 15:49","Gilliam"
"988",48,"Jaylen",10464,"212-432-9911",5239,"05/30/09 09:02","Smith"
"989",94,"Beau",10013,"646-391-9926",5240,"05/30/09 09:24","Ware"
"990",47,"Brayan",11239,"347-766-3697",5241,"05/30/09 12:54","Owens"
"991",49,"Selina",10035,"718-511-4170",5242,"05/30/09 15:41","Nelson"
"992",30,"Alexus",10473,"646-223-6544",5243,"05/30/09 16:26","Crosby"
"993",52,"Jaycee",10014,"347-368-1526",5244,"05/31/09 16:19","England"
"994",140,"Skylar",10162,"212-592-7909",5245,"2006/1/9 10:19","Buck"
"995",190,"Kaylee",11224,"646-799-3731",5246,"2006/2/9 11:06","Richmond"
"996",136,"Deborah",10302,"718-408-4184",5247,"2006/2/9 16:44","Lamb"
"997",49,"Selina",10035,"718-511-4170",5248,"2006/3/9 10:09","Nelson"
"998",159,"Mireya",10110,"718-496-7026",5249,"2006/3/9 12:39","Woodard"
"999",162,"Stella",10161,"646-404-6826",5250,"2006/3/9 15:30","Leon"
"1000",165,"Cannon",11420,"646-605-8063",5251,"2006/4/9 10:47","Berg"
"1001",67,"Danny",10309,"917-280-8507",5252,"2006/4/9 14:24","Gray"
"1002",64,"Miles",10465,"646-336-1902",5253,"2006/5/9 8:19","Burton"
"1003",34,"Adrianna",10032,"646-544-5915",5254,"2006/5/9 11:36","Duncan"
"1004",70,"Terrance",10154,"347-642-8572",5255,"2006/5/9 14:26","Forbes"
"1005",133,"Katherine",11216,"347-589-7132",5256,"2006/5/9 15:32","Turner"
"1006",130,"Kyle",10010,"917-338-6372",5257,"2006/6/9 12:11","Garner"
"1007",131,"Desmond",10122,"917-785-7273",5258,"2006/6/9 14:42","Knowles"
"1008",148,"Holden",10118,"212-722-7454",5259,"2006/8/9 11:32","Fowler"
"1009",125,"Lacey",11411,"917-605-3899",5260,"2006/8/9 13:30","Spencer"
"1010",99,"Kyla",11368,"646-352-2431",5261,"2006/9/9 14:10","Shannon"
"1011",185,"Malia",10128,"917-338-2937",5262,"2006/9/9 15:14","Bridges"
"1012",108,"Adeline",10111,"718-703-9796",5263,"2006/10/9 8:30","Dickerson"
"1013",35,"Amari",10010,"212-525-3571",5264,"2006/10/9 14:10","Parker"
"1014",194,"Kymani",10463,"718-351-9427",5265,"2006/10/9 14:52","Beck"
"1015",55,"Amy",11375,"646-804-4663",5266,"2006/11/9 10:25","Jarvis"
"1016",17,"Gemma",10069,"646-768-1792",5267,"2006/11/9 11:41","Donovan"
"1017",179,"Carleigh",10021,"646-573-3267",5268,"2006/11/9 12:44","Manning"
"1018",51,"Derek",11362,"347-716-1227",5269,"2006/12/9 11:19","Oliver"
"1019",95,"Matthias",11411,"347-329-7260",5270,"2006/12/9 16:09","Clemons"
"1020",78,"Octavio",11218,"212-423-2062",5271,"2006/12/9 16:54","Whitehead"
"1021",75,"Remington",11693,"917-843-4608",5272,"06/13/09 09:21","Farrell"
"1022",101,"Anabella",11249,"212-523-6502",5273,"06/13/09 12:43","Nixon"
"1023",72,"Deja",10307,"212-411-1820",5274,"06/14/09 09:14","Lindsey"
"1024",24,"Zaniyah",11103,"718-604-7729",5275,"06/15/09 09:01","Case"
"1025",4,"Lia",11230,"718-664-9574",5276,"06/15/09 10:54","Short"
"1026",124,"Cody",10005,"347-570-3346",5277,"06/16/09 09:32","Leach"
"1027",58,"Mitchell",11362,"718-796-7350",5278,"06/17/09 08:28","Lloyd"
"1028",115,"Mathew",11694,"646-614-8165",5279,"06/17/09 12:57","Harrison"
"1029",75,"Remington",11693,"917-843-4608",5280,"06/18/09 10:33","Farrell"
"1030",30,"Alexus",10473,"646-223-6544",5281,"06/18/09 11:33","Crosby"
"1031",18,"Jack",11218,"646-522-7235",5282,"06/19/09 08:11","Bruce"
"1032",129,"Deven",11693,"646-246-7524",5283,"06/19/09 08:50","Graham"
"1033",21,"Jazmine",10029,"718-605-9088",5284,"06/19/09 15:28","Foley"
"1034",36,"Kendrick",11434,"917-650-7989",5285,"06/19/09 15:29","Floyd"
"1035",10,"Aliya",11366,"917-613-6421",5286,"06/21/09 08:08","Hoffman"
"1036",56,"Immanuel",11234,"212-671-1389",5287,"06/24/09 11:21","Joyce"
"1037",165,"Cannon",11420,"646-605-8063",5288,"06/25/09 11:20","Berg"
"1038",65,"Isaias",10471,"212-716-6333",5289,"06/25/09 15:14","Moon"
"1039",191,"Kai",11211,"212-522-5661",5290,"06/26/09 13:53","Sparks"
"1040",108,"Adeline",10111,"718-703-9796",5291,"06/28/09 08:16","Dickerson"
"1041",78,"Octavio",11218,"212-423-2062",5292,"06/29/09 08:09","Whitehead"
"1042",91,"Pedro",10005,"212-498-6862",5293,"06/29/09 11:07","Payne"
"1043",68,"Autumn",11366,"917-355-7377",5294,"06/29/09 11:37","Burnett"
"1044",153,"Leland",11109,"212-793-5299",5295,"06/29/09 13:46","Hunter"
"1045",176,"Alison",10165,"917-265-9366",5296,"2007/1/9 12:17","Mays"
"1046",152,"Elianna",10308,"646-819-2778",5297,"2007/1/9 15:04","Medina"
"1047",47,"Brayan",11239,"347-766-3697",5298,"2007/2/9 10:58","Owens"
"1048",119,"Tatiana",10451,"718-457-2953",5299,"2007/2/9 13:11","Davidson"
"1049",72,"Deja",10307,"212-411-1820",5300,"2007/3/9 11:03","Lindsey"
"1050",148,"Holden",10118,"212-722-7454",5301,"2007/3/9 14:25","Fowler"
"1051",126,"Serena",11363,"718-380-2477",5302,"2007/3/9 14:39","Peters"
"1052",160,"Raegan",10280,"646-813-3328",5303,"2007/4/9 11:20","Cantrell"
"1053",117,"Aliza",11697,"917-380-2950",5304,"2007/4/9 16:33","Foreman"
"1054",11,"Luna",10006,"718-771-3686",5305,"2007/5/9 16:34","Martinez"
"1055",80,"Nelson",11109,"646-725-6832",5306,"2007/6/9 10:48","Flynn"
"1056",178,"Maximilian",11217,"212-772-6202",5307,"2007/8/9 8:27","Morales"
"1057",147,"Conor",11203,"347-518-5638",5308,"2007/8/9 10:56","Weiss"
"1058",59,"Desiree",11432,"646-270-2996",5309,"2007/8/9 13:02","Melton"
"1059",78,"Octavio",11218,"212-423-2062",5310,"2007/8/9 16:14","Whitehead"
"1060",54,"Jayson",11210,"718-708-3598",5311,"2007/9/9 11:01","Bullock"
"1061",78,"Octavio",11218,"212-423-2062",5312,"2007/9/9 13:48","Whitehead"
"1062",83,"Kamryn",11418,"917-350-9472",5313,"2007/9/9 14:34","Hopper"
"1063",93,"Vance",10466,"347-314-5165",5314,"2007/10/9 8:39","Wilcox"
"1064",73,"Colby",10007,"646-772-2257",5315,"2007/10/9 8:54","Atkinson"
"1065",178,"Maximilian",11217,"212-772-6202",5316,"2007/11/9 9:38","Morales"
"1066",110,"Kade",10014,"917-336-9522",5317,"2007/11/9 10:13","Hood"
"1067",57,"Lia",10451,"347-270-4389",5318,"2007/11/9 13:05","Harrell"
"1068",55,"Amy",11375,"646-804-4663",5319,"2007/12/9 11:21","Jarvis"
"1069",191,"Kai",11211,"212-522-5661",5320,"2007/12/9 12:14","Sparks"
"1070",25,"Khalil",11419,"917-361-9803",5321,"2007/12/9 14:19","Medina"
"1071",157,"Valentino",11208,"212-745-3651",5322,"07/13/09 15:30","Ford"
"1072",76,"Dixie",10103,"917-586-9422",5323,"07/14/09 09:22","Cruz"
"1073",99,"Kyla",11368,"646-352-2431",5324,"07/14/09 10:29","Shannon"
"1074",3,"Yandel",10099,"718-510-6575",5325,"07/14/09 14:51","Franklin"
"1075",135,"Lena",11361,"212-340-5502",5326,"07/14/09 16:32","Rivera"
"1076",31,"Jazmin",11237,"718-294-7531",5327,"07/15/09 13:29","Schmidt"
"1077",93,"Vance",10466,"347-314-5165",5328,"07/15/09 16:54","Wilcox"
"1078",36,"Kendrick",11434,"917-650-7989",5329,"07/16/09 15:25","Floyd"
"1079",36,"Kendrick",11434,"917-650-7989",5330,"07/19/09 11:11","Floyd"
"1080",8,"Darren",10120,"212-220-3311",5331,"07/19/09 11:58","Burns"
"1081",42,"Stanley",10314,"212-775-3412",5332,"07/19/09 12:41","Townsend"
"1082",41,"Ryleigh",10302,"917-766-5604",5333,"07/19/09 15:53","Wilkins"
"1083",74,"Zackary",10279,"917-593-3931",5334,"07/19/09 16:18","Gilliam"
"1084",79,"Mariam",11238,"646-292-3920",5335,"07/20/09 11:49","Bowen"
"1085",66,"Yaritza",11234,"718-746-4988",5336,"07/20/09 15:38","Andrews"
"1086",93,"Vance",10466,"347-314-5165",5337,"07/21/09 14:56","Wilcox"
"1087",118,"Kenley",10028,"212-705-8822",5338,"07/23/09 11:51","Hunt"
